shape_id,shape_pt_lat,shape_pt_lon,shape_pt_sequence
Azul,41.641407,-4.7325,1
Azul,41.64114, -4.7325,2
Azul,41.64109, -4.73336,3
Azul,41.64102, -4.73449,4
Azul,41.64094, -4.73583,5
Azul,41.64092, -4.73626,6
Azul,41.64091, -4.73639,7
Azul,41.64091, -4.7364,8
Azul,41.6409, -4.73657,9
Azul,41.64089, -4.73677,10
Azul,41.64086, -4.73711,11
Azul,41.64084, -4.73748,12
Azul,41.64083, -4.73759,13
Azul,41.64083, -4.73769,14
Azul,41.64076, -4.73772,15
Azul,41.64051, -4.73783,16
Azul,41.64022, -4.73795,17
Azul,41.63998, -4.73805,18
Azul,41.63993, -4.73807,19
Azul,41.63926, -4.73833,20
Azul,41.63919, -4.73837,21
Azul,41.63901, -4.73844,22
Azul,41.63884, -4.73851,23
Azul,41.63877, -4.73853,24
Azul,41.63813, -4.73879,25
Azul,41.63789, -4.73888,26
Azul,41.63774, -4.73894,27
Azul,41.63764, -4.73898,28
Azul,41.63761, -4.73899,29
Azul,41.63747, -4.73904,30
Azul,41.63743, -4.73906,31
Azul,41.63731, -4.7391,32
Azul,41.63701, -4.7392,33
Azul,41.63673, -4.73929,34
Azul,41.63658, -4.73934,35
Azul,41.63578, -4.73963,36
Azul,41.63564, -4.73968,37
Azul,41.63549, -4.73973,38
Azul,41.63542, -4.73975,39
Azul,41.63528, -4.73979,40
Azul,41.6352, -4.73981,41
Azul,41.63452, -4.73994,42
Azul,41.63399, -4.74003,43
Azul,41.63395, -4.74004,44
Azul,41.63381, -4.74005,45
Azul,41.6335, -4.74009,46
Azul,41.63334, -4.74012,47
Azul,41.63296, -4.74019,48
Azul,41.63283, -4.74022,49
Azul,41.63289, -4.74076,50
Azul,41.63294, -4.74127,51
Azul,41.63296, -4.74145,52
Azul,41.63304, -4.74211,53
Azul,41.63307, -4.74248,54
Azul,41.63307, -4.74257,55
Azul,41.63316, -4.74329,56
Azul,41.63327, -4.74424,57
Azul,41.63326, -4.74435,58
Azul,41.63326, -4.74447,59
Azul,41.63326, -4.74454,60
Azul,41.63334, -4.74523,61
Azul,41.63349, -4.74667,62
Azul,41.63354, -4.74714,63
Azul,41.63355, -4.74723,64
Azul,41.63357, -4.74742,65
Azul,41.6336, -4.74771,66
Azul,41.63363, -4.74797,67
Azul,41.63365, -4.74816,68
Azul,41.63372, -4.74867,69
Azul,41.63374, -4.74891,70
Azul,41.63376, -4.74905,71
Azul,41.63377, -4.74907,72
Azul,41.63378, -4.74908,73
Azul,41.63379, -4.7491,74
Azul,41.6338, -4.74911,75
Azul,41.6338, -4.74912,76
Azul,41.63391, -4.74939,77
Azul,41.63394, -4.74939,78
Azul,41.63396, -4.7494,79
Azul,41.63399, -4.74941,80
Azul,41.63402, -4.74942,81
Azul,41.63404, -4.74944,82
Azul,41.63407, -4.74946,83
Azul,41.63409, -4.74948,84
Azul,41.63411, -4.74951,85
Azul,41.63411, -4.74952,86
Azul,41.63412, -4.74953,87
Azul,41.63413, -4.74954,88
Azul,41.63413, -4.74955,89
Azul,41.63414, -4.74957,90
Azul,41.63414, -4.74958,91
Azul,41.63414, -4.74959,92
Azul,41.63415, -4.7496,93
Azul,41.63374, -4.74998,94
Azul,41.63367, -4.75007,95
Azul,41.63339, -4.75042,96
Azul,41.63335, -4.75047,97
Azul,41.63326, -4.7506,98
Azul,41.63295, -4.75099,99
Azul,41.63294, -4.751,100
Azul,41.63271, -4.75127,101
Azul,41.63239, -4.75161,102
Azul,41.63217, -4.75181,103
Azul,41.63193, -4.75206,104
Azul,41.63168, -4.7523,105
Azul,41.6314, -4.75258,106
Azul,41.63105, -4.75291,107
Azul,41.63078, -4.75319,108
Azul,41.63052, -4.75346,109
Azul,41.63028, -4.75368,110
Azul,41.63001, -4.75398,111
Azul,41.62976, -4.75426,112
Azul,41.62949, -4.75459,113
Azul,41.62925, -4.75492,114
Azul,41.62908, -4.7552,115
Azul,41.62896, -4.75539,116
Azul,41.62891, -4.75549,117
Azul,41.62884, -4.75564,118
Azul,41.62868, -4.75598,119
Azul,41.62859, -4.75618,120
Azul,41.62846, -4.75651,121
Azul,41.62845, -4.75652,122
Azul,41.62836, -4.75679,123
Azul,41.62816, -4.75737,124
Azul,41.62799, -4.75789,125
Azul,41.62793, -4.75806,126
Azul,41.62781, -4.75844,127
Azul,41.62748, -4.75936,128
Azul,41.62726, -4.76,129
Azul,41.62688, -4.76109,130
Azul,41.62647, -4.76224,131
Azul,41.62617, -4.76312,132
Azul,41.62549, -4.76509,133
Azul,41.62543, -4.76526,134
Azul,41.62524, -4.76584,135
Azul,41.62506, -4.76633,136
Azul,41.62496, -4.76658,137
Azul,41.62452, -4.76785,138
Azul,41.62445, -4.76807,139
Azul,41.62436, -4.76838,140
Azul,41.62439, -4.76841,141
Azul,41.6244, -4.76843,142
Azul,41.62442, -4.76845,143
Azul,41.62443, -4.76848,144
Azul,41.62445, -4.76851,145
Azul,41.62446, -4.76854,146
Azul,41.62446, -4.76857,147
Azul,41.62447, -4.7686,148
Azul,41.62447, -4.76864,149
Azul,41.62448, -4.76867,150
Azul,41.62448, -4.76871,151
Azul,41.62448, -4.76872,152
Azul,41.62447, -4.76874,153
Azul,41.62447, -4.76875,154
Azul,41.62447, -4.76876,155
Azul,41.62446, -4.76878,156
Azul,41.62446, -4.76879,157
Azul,41.62445, -4.76881,158
Azul,41.62444, -4.76882,159
Azul,41.62442, -4.76885,160
Azul,41.62441, -4.76887,161
Azul,41.62439, -4.76889,162
Azul,41.62437, -4.7689,163
Azul,41.62435, -4.76892,164
Azul,41.62433, -4.76893,165
Azul,41.6243, -4.76894,166
Azul,41.62428, -4.76894,167
Azul,41.62426, -4.76895,168
Azul,41.62424, -4.76895,169
Azul,41.62421, -4.76894,170
Azul,41.62419, -4.76894,171
Azul,41.62407, -4.76922,172
Azul,41.62406, -4.76926,173
Azul,41.62406, -4.76928,174
Azul,41.62407, -4.7693,175
Azul,41.62407, -4.76933,176
Azul,41.62407, -4.76937,177
Azul,41.62407, -4.76945,178
Azul,41.62406, -4.76949,179
Azul,41.62404, -4.76956,180
Azul,41.62403, -4.76958,181
Azul,41.6239, -4.76993,182
Azul,41.62388, -4.76998,183
Azul,41.62372, -4.77043,184
Azul,41.62366, -4.7706,185
Azul,41.62344, -4.77121,186
Azul,41.62307, -4.77224,187
Azul,41.62305, -4.77229,188
Azul,41.62291, -4.77269,189
Azul,41.62276, -4.77311,190
Azul,41.62272, -4.77323,191
Azul,41.62253, -4.77378,192
Azul,41.62243, -4.77404,193
Azul,41.62236, -4.77425,194
Azul,41.62224, -4.77456,195
Azul,41.62224, -4.77457,196
Azul,41.62224, -4.77458,197
Azul,41.62224, -4.7746,198
Azul,41.62224, -4.77462,199
Azul,41.62223, -4.77463,200
Azul,41.62223, -4.77465,201
Azul,41.62222, -4.77466,202
Azul,41.62221, -4.77467,203
Azul,41.62221, -4.77469,204
Azul,41.6222, -4.7747,205
Azul,41.62219, -4.77471,206
Azul,41.62218, -4.77472,207
Azul,41.62217, -4.77473,208
Azul,41.62216, -4.77474,209
Azul,41.62215, -4.77475,210
Azul,41.62214, -4.77475,211
Azul,41.62213, -4.77476,212
Azul,41.62212, -4.77476,213
Azul,41.62211, -4.77476,214
Azul,41.6221, -4.77477,215
Azul,41.62208, -4.77477,216
Azul,41.62207, -4.77477,217
Azul,41.62206, -4.77477,218
Azul,41.62205, -4.77476,219
Azul,41.62204, -4.77476,220
Azul,41.62202, -4.77476,221
Azul,41.62201, -4.77475,222
Azul,41.622, -4.77474,223
Azul,41.62199, -4.77473,224
Azul,41.62198, -4.77472,225
Azul,41.62197, -4.77471,226
Azul,41.62196, -4.77471,227
Azul,41.62195, -4.7747,228
Azul,41.62194, -4.77469,229
Azul,41.62193, -4.77468,230
Azul,41.62192, -4.77467,231
Azul,41.62192, -4.77466,232
Azul,41.62191, -4.77464,233
Azul,41.62191, -4.77463,234
Azul,41.6219, -4.77462,235
Azul,41.6219, -4.77461,236
Azul,41.6219, -4.77459,237
Azul,41.6219, -4.77458,238
Azul,41.6219, -4.77457,239
Azul,41.6219, -4.77456,240
Azul,41.62191, -4.77453,241
Azul,41.6218, -4.77442,242
Azul,41.62137, -4.77415,243
Azul,41.62117, -4.77402,244
Azul,41.62115, -4.77401,245
Azul,41.62112, -4.774,246
Azul,41.6211, -4.774,247
Azul,41.62108, -4.77399,248
Azul,41.62104, -4.774,249
Azul,41.62099, -4.77401,250
Azul,41.62074, -4.77409,251
Azul,41.61915, -4.77466,252
Azul,41.6191, -4.77468,253
Azul,41.61908, -4.77469,254
Azul,41.61906, -4.77469,255
Azul,41.61905, -4.7747,256
Azul,41.61905, -4.77471,257
Azul,41.61904, -4.77472,258
Azul,41.61903, -4.77473,259
Azul,41.61903, -4.77474,260
Azul,41.61895, -4.77503,261
Azul,41.61883, -4.77536,262
Azul,41.61873, -4.77565,263
Azul,41.61863, -4.77594,264
Azul,41.61853, -4.77627,265
Azul,41.61844, -4.77653,266
Azul,41.61806, -4.77763,267
Azul,41.61796, -4.77795,268
Azul,41.61794, -4.77798,269
Azul,41.61787, -4.77821,270
Azul,41.61787, -4.77823,271
Azul,41.61784, -4.7783,272
Azul,41.61781, -4.77842,273
Azul,41.6178, -4.77843,274
Azul,41.61778, -4.77852,275
Azul,41.61777, -4.77855,276
Azul,41.61777, -4.77857,277
Azul,41.61773, -4.77863,278
Azul,41.61772, -4.77865,279
Azul,41.61771, -4.77866,280
Azul,41.61759, -4.77882,281
Azul,41.61752, -4.77891,282
Azul,41.6175, -4.77893,283
Azul,41.61744, -4.77898,284
Azul,41.61739, -4.77903,285
Azul,41.61736, -4.77905,286
Azul,41.61717, -4.77922,287
Azul,41.61708, -4.77929,288
Azul,41.61686, -4.77947,289
Azul,41.61667, -4.77963,290
Azul,41.61603, -4.78017,291
Azul,41.61525, -4.78081,292
Azul,41.61433, -4.78158,293
Azul,41.61372, -4.78209,294
Azul,41.61293, -4.78277,295
Azul,41.61279, -4.78288,296
Azul,41.61262, -4.78303,297
Azul,41.6125, -4.78313,298
Azul,41.61242, -4.78322,299
Azul,41.61235, -4.7833,300
Azul,41.61227, -4.78341,301
Azul,41.61219, -4.78354,302
Azul,41.61216, -4.78359,303
Azul,41.61194, -4.78408,304
Azul,41.61184, -4.78432,305
Azul,41.61237, -4.78475,306
Azul,41.61238, -4.78475,307
Azul,41.61243, -4.78478,308
Azul,41.61245, -4.78478,309
Azul,41.61255, -4.78481,310
Azul,41.61258, -4.78482,311
Azul,41.61265, -4.78484,312
Azul,41.61274, -4.78485,313
Azul,41.61281, -4.78482,314
Azul,41.61286, -4.78479,315
Azul,41.61297, -4.78474,316
Azul,41.61298, -4.78473,317
Azul,41.61304, -4.78469,318
Azul,41.61335, -4.78535,319
Azul,41.61349, -4.78564,320
Azul,41.61332, -4.78579,321
Azul,41.61311, -4.78599,322
Azul,41.61305, -4.78606,323
Azul,41.61302, -4.78609,324
Azul,41.613, -4.78612,325
Azul,41.61289, -4.78636,326
Azul,41.61279, -4.78659,327
Azul,41.61278, -4.78662,328
Azul,41.6126, -4.787,329
Azul,41.61245, -4.78735,330
Azul,41.61245, -4.78736,331
Azul,41.61235, -4.7876,332
Azul,41.61225, -4.7878,333
Azul,41.61152, -4.78946,334
Azul,41.61142, -4.78968,335
Azul,41.61115, -4.79029,336
Azul,41.61097, -4.7907,337
Azul,41.61095, -4.79077,338
Azul,41.61094, -4.79082,339
Azul,41.61094, -4.79087,340
Azul,41.61095, -4.79094,341
Azul,41.61096, -4.79118,342
Azul,41.61101, -4.79182,343
Azul,41.61103, -4.79182,344
Azul,41.61104, -4.79182,345
Azul,41.61106, -4.79182,346
Azul,41.61107, -4.79183,347
Azul,41.61109, -4.79183,348
Azul,41.6111, -4.79184,349
Azul,41.61111, -4.79185,350
Azul,41.61113, -4.79187,351
Azul,41.61114, -4.79188,352
Azul,41.61115, -4.79189,353
Azul,41.61116, -4.79191,354
Azul,41.61117, -4.79193,355
Azul,41.61118, -4.79194,356
Azul,41.61118, -4.79196,357
Azul,41.61119, -4.79198,358
Azul,41.6112, -4.792,359
Azul,41.6112, -4.79202,360
Azul,41.6112, -4.79204,361
Azul,41.6112, -4.79206,362
Azul,41.6112, -4.79208,363
Azul,41.6112, -4.79209,364
Azul,41.6112, -4.7921,365
Azul,41.6112, -4.79211,366
Azul,41.6112, -4.79212,367
Azul,41.6112, -4.79213,368
Azul,41.61119, -4.79214,369
Azul,41.61119, -4.79215,370
Azul,41.61119, -4.79216,371
Azul,41.61118, -4.79218,372
Azul,41.61117, -4.7922,373
Azul,41.61116, -4.79222,374
Azul,41.61115, -4.79223,375
Azul,41.61114, -4.79225,376
Azul,41.61113, -4.79226,377
Azul,41.61111, -4.79228,378
Azul,41.6111, -4.79229,379
Azul,41.61109, -4.7923,380
Azul,41.61107, -4.79231,381
Azul,41.61105, -4.79231,382
Azul,41.61103, -4.79232,383
Azul,41.61105, -4.79256,384
Azul,41.61109, -4.79328,385
Azul,41.61111, -4.79352,386
Azul,41.61112, -4.79369,387
Azul,41.61113, -4.79368,388
Azul,41.61115, -4.79368,389
Azul,41.61116, -4.79368,390
Azul,41.61117, -4.79367,391
Azul,41.61118, -4.79367,392
Azul,41.6112, -4.79367,393
Azul,41.61121, -4.79368,394
Azul,41.61122, -4.79368,395
Azul,41.61123, -4.79368,396
Azul,41.61124, -4.79369,397
Azul,41.61126, -4.7937,398
Azul,41.61127, -4.7937,399
Azul,41.61128, -4.79371,400
Azul,41.61129, -4.79372,401
Azul,41.6113, -4.79373,402
Azul,41.61131, -4.79374,403
Azul,41.61131, -4.79376,404
Azul,41.61132, -4.79377,405
Azul,41.61133, -4.79378,406
Azul,41.61133, -4.7938,407
Azul,41.61134, -4.79381,408
Azul,41.61134, -4.79383,409
Azul,41.61135, -4.79385,410
Azul,41.61135, -4.79386,411
Azul,41.61135, -4.79388,412
Azul,41.61135, -4.7939,413
Azul,41.61135, -4.79391,414
Azul,41.61135, -4.79393,415
Azul,41.61135, -4.79395,416
Azul,41.61134, -4.79396,417
Azul,41.61134, -4.79398,418
Azul,41.61134, -4.79399,419
Azul,41.61133, -4.79401,420
Azul,41.61132, -4.79402,421
Azul,41.61132, -4.79404,422
Azul,41.61131, -4.79405,423
Azul,41.6113, -4.79406,424
Azul,41.61129, -4.79407,425
Azul,41.61128, -4.79408,426
Azul,41.61127, -4.79409,427
Azul,41.61136, -4.79418,428
Azul,41.61142, -4.79423,429
Azul,41.61151, -4.7943,430
Azul,41.61158, -4.79434,431
Azul,41.61165, -4.79437,432
Azul,41.61184, -4.79446,433
Azul,41.61186, -4.79447,434
Azul,41.61195, -4.79454,435
Azul,41.61196, -4.79454,436
Azul,41.61196, -4.79453,437
Azul,41.61197, -4.79452,438
Azul,41.61198, -4.79451,439
Azul,41.61199, -4.7945,440
Azul,41.612, -4.7945,441
Azul,41.612, -4.79449,442
Azul,41.61201, -4.79449,443
Azul,41.61202, -4.79449,444
Azul,41.61203, -4.79449,445
Azul,41.61204, -4.79449,446
Azul,41.61205, -4.79449,447
Azul,41.61206, -4.79449,448
Azul,41.61207, -4.79449,449
Azul,41.61207, -4.7945,450
Azul,41.61208, -4.7945,451
Azul,41.61209, -4.79451,452
Azul,41.6121, -4.79452,453
Azul,41.61211, -4.79453,454
Azul,41.61211, -4.79454,455
Azul,41.61212, -4.79454,456
Azul,41.61212, -4.79455,457
Azul,41.61212, -4.79456,458
Azul,41.61213, -4.79457,459
Azul,41.61213, -4.79458,460
Azul,41.61213, -4.79459,461
Azul,41.61213, -4.7946,462
Azul,41.61213, -4.79461,463
Azul,41.61214, -4.79462,464
Azul,41.61214, -4.79463,465
Azul,41.61213, -4.79463,466
Azul,41.61213, -4.79464,467
Azul,41.61213, -4.79465,468
Azul,41.61213, -4.79466,469
Azul,41.61213, -4.79467,470
Azul,41.61213, -4.79468,471
Azul,41.61212, -4.79468,472
Azul,41.61212, -4.79469,473
Azul,41.61212, -4.7947,474
Azul,41.61211, -4.7947,475
Azul,41.61211, -4.79471,476
Azul,41.61211, -4.79472,477
Azul,41.6121, -4.79472,478
Azul,41.6121, -4.79473,479
Azul,41.61209, -4.79473,480
Azul,41.61208, -4.79474,481
Azul,41.61207, -4.79475,482
Azul,41.61206, -4.79475,483
Azul,41.61205, -4.79475,484
Azul,41.61204, -4.79475,485
Azul,41.61203, -4.79475,486
Azul,41.61202, -4.79475,487
Azul,41.61201, -4.79475,488
Azul,41.612, -4.79475,489
Azul,41.61199, -4.79474,490
Azul,41.61198, -4.79473,491
Azul,41.61197, -4.79472,492
Azul,41.61172, -4.79468,493
Azul,41.61162, -4.79468,494
Azul,41.61159, -4.79469,495
Azul,41.61151, -4.79471,496
Azul,41.61145, -4.79474,497
Azul,41.61143, -4.79475,498
Azul,41.61139, -4.79477,499
Azul,41.61135, -4.7948,500
Azul,41.6113, -4.79484,501
Azul,41.61125, -4.79488,502
Azul,41.6112, -4.79492,503
Azul,41.61116, -4.79498,504
Azul,41.61111, -4.79504,505
Azul,41.61108, -4.79509,506
Azul,41.61108, -4.7951,507
Azul,41.61104, -4.79517,508
Azul,41.61101, -4.79524,509
Azul,41.61099, -4.7953,510
Azul,41.61096, -4.79539,511
Azul,41.61094, -4.79548,512
Azul,41.61093, -4.79556,513
Azul,41.61092, -4.79565,514
Azul,41.61092, -4.79574,515
Azul,41.61092, -4.79584,516
Azul,41.61094, -4.79593,517
Azul,41.61095, -4.79602,518
Azul,41.61097, -4.79609,519
Azul,41.61101, -4.79624,520
Azul,41.61109, -4.79647,521
Azul,41.61118, -4.79679,522
Azul,41.61121, -4.79688,523
Azul,41.61122, -4.79687,524
Azul,41.61123, -4.79687,525
Azul,41.61123, -4.79686,526
Azul,41.61124, -4.79686,527
Azul,41.61125, -4.79685,528
Azul,41.61126, -4.79685,529
Azul,41.61127, -4.79685,530
Azul,41.61128, -4.79685,531
Azul,41.61128, -4.79684,532
Azul,41.61129, -4.79684,533
Azul,41.6113, -4.79685,534
Azul,41.61131, -4.79685,535
Azul,41.61132, -4.79685,536
Azul,41.61132, -4.79686,537
Azul,41.61133, -4.79686,538
Azul,41.61134, -4.79686,539
Azul,41.61134, -4.79687,540
Azul,41.61135, -4.79687,541
Azul,41.61135, -4.79688,542
Azul,41.61136, -4.79688,543
Azul,41.61136, -4.79689,544
Azul,41.61137, -4.79689,545
Azul,41.61137, -4.7969,546
Azul,41.61137, -4.79691,547
Azul,41.61138, -4.79692,548
Azul,41.61138, -4.79693,549
Azul,41.61138, -4.79694,550
Azul,41.61139, -4.79695,551
Azul,41.61139, -4.79696,552
Azul,41.61139, -4.79697,553
Azul,41.61139, -4.79698,554
Azul,41.61139, -4.79699,555
Azul,41.61139, -4.797,556
Azul,41.61139, -4.79701,557
Azul,41.61139, -4.79702,558
Azul,41.61139, -4.79703,559
Azul,41.61138, -4.79703,560
Azul,41.61138, -4.79704,561
Azul,41.61138, -4.79705,562
Azul,41.61138, -4.79706,563
Azul,41.61137, -4.79706,564
Azul,41.61137, -4.79707,565
Azul,41.61137, -4.79708,566
Azul,41.61136, -4.79708,567
Azul,41.61136, -4.79709,568
Azul,41.61135, -4.79709,569
Azul,41.61135, -4.7971,570
Azul,41.61134, -4.79711,571
Azul,41.61133, -4.79712,572
Azul,41.61132, -4.79712,573
Azul,41.61131, -4.79712,574
Azul,41.61131, -4.79713,575
Azul,41.6113, -4.79713,576
Azul,41.61129, -4.79713,577
Azul,41.61128, -4.79713,578
Azul,41.61127, -4.79713,579
Azul,41.61126, -4.79713,580
Azul,41.61126, -4.79712,581
Azul,41.61125, -4.79712,582
Azul,41.61124, -4.79712,583
Azul,41.61123, -4.79711,584
Azul,41.61122, -4.79711,585
Azul,41.61122, -4.7971,586
Azul,41.61121, -4.79709,587
Azul,41.61117, -4.79711,588
Azul,41.61121, -4.79709,589
Azul,41.61121, -4.79708,590
Azul,41.6112, -4.79708,591
Azul,41.6112, -4.79707,592
Azul,41.61119, -4.79706,593
Azul,41.61119, -4.79705,594
Azul,41.61119, -4.79704,595
Azul,41.61118, -4.79704,596
Azul,41.61118, -4.79703,597
Azul,41.61118, -4.79702,598
Azul,41.61118, -4.79701,599
Azul,41.61118, -4.797,600
Azul,41.61118, -4.79699,601
Azul,41.61118, -4.79698,602
Azul,41.61118, -4.79697,603
Azul,41.61118, -4.79696,604
Azul,41.61118, -4.79695,605
Azul,41.61118, -4.79694,606
Azul,41.61119, -4.79693,607
Azul,41.61119, -4.79692,608
Azul,41.61119, -4.79691,609
Azul,41.6112, -4.79691,610
Azul,41.6112, -4.7969,611
Azul,41.6112, -4.79689,612
Azul,41.61121, -4.79689,613
Azul,41.61121, -4.79688,614
Azul,41.61118, -4.79679,615
Azul,41.61109, -4.79647,616
Azul,41.61101, -4.79624,617
Azul,41.61097, -4.79609,618
Azul,41.61095, -4.79602,619
Azul,41.61094, -4.79593,620
Azul,41.61092, -4.79584,621
Azul,41.61092, -4.79574,622
Azul,41.61092, -4.79565,623
Azul,41.61093, -4.79556,624
Azul,41.61094, -4.79548,625
Azul,41.61096, -4.79539,626
Azul,41.61099, -4.7953,627
Azul,41.61101, -4.79524,628
Azul,41.61104, -4.79517,629
Azul,41.61108, -4.7951,630
Azul,41.61108, -4.79509,631
Azul,41.61111, -4.79504,632
Azul,41.61116, -4.79498,633
Azul,41.6112, -4.79492,634
Azul,41.61125, -4.79488,635
Azul,41.6113, -4.79484,636
Azul,41.61135, -4.7948,637
Azul,41.61139, -4.79477,638
Azul,41.61143, -4.79475,639
Azul,41.61145, -4.79474,640
Azul,41.61151, -4.79471,641
Azul,41.61159, -4.79469,642
Azul,41.61162, -4.79468,643
Azul,41.61172, -4.79468,644
Azul,41.61194, -4.79459,645
Azul,41.61194, -4.79458,646
Azul,41.61194, -4.79457,647
Azul,41.61195, -4.79456,648
Azul,41.61195, -4.79455,649
Azul,41.61195, -4.79454,650
Azul,41.61196, -4.79454,651
Azul,41.61196, -4.79453,652
Azul,41.61197, -4.79452,653
Azul,41.61198, -4.79451,654
Azul,41.61199, -4.7945,655
Azul,41.612, -4.7945,656
Azul,41.612, -4.79449,657
Azul,41.61201, -4.79449,658
Azul,41.61202, -4.79449,659
Azul,41.61203, -4.79449,660
Azul,41.61204, -4.79449,661
Azul,41.61205, -4.79449,662
Azul,41.61206, -4.79449,663
Azul,41.61207, -4.79449,664
Azul,41.61207, -4.7945,665
Azul,41.61208, -4.7945,666
Azul,41.61209, -4.79451,667
Azul,41.6121, -4.79452,668
Azul,41.61211, -4.79453,669
Azul,41.61211, -4.79454,670
Azul,41.61212, -4.79454,671
Azul,41.61212, -4.79455,672
Azul,41.61212, -4.79456,673
Azul,41.61213, -4.79457,674
Azul,41.61213, -4.79458,675
Azul,41.61213, -4.79459,676
Azul,41.61213, -4.7946,677
Azul,41.61213, -4.79461,678
Azul,41.61214, -4.79462,679
Azul,41.61214, -4.79463,680
Azul,41.61213, -4.79463,681
Azul,41.61213, -4.79464,682
Azul,41.61213, -4.79465,683
Azul,41.61229, -4.79493,684
Azul,41.61233, -4.795,685
Azul,41.61244, -4.7951,686
Azul,41.6126, -4.79525,687
Azul,41.61267, -4.79531,688
Azul,41.61276, -4.79538,689
Azul,41.61283, -4.79544,690
Azul,41.61292, -4.79551,691
Azul,41.61313, -4.79569,692
Azul,41.61317, -4.79573,693
Azul,41.61331, -4.79586,694
Azul,41.61351, -4.79606,695
Azul,41.61358, -4.79615,696
Azul,41.6136, -4.79619,697
Azul,41.61362, -4.79621,698
Azul,41.61367, -4.79629,699
Azul,41.61372, -4.79638,700
Azul,41.61374, -4.79642,701
Azul,41.61376, -4.79651,702
Azul,41.61378, -4.79659,703
Azul,41.61378, -4.7967,704
Azul,41.61379, -4.79679,705
Azul,41.61378, -4.7969,706
Azul,41.61377, -4.79694,707
Azul,41.61376, -4.79701,708
Azul,41.61374, -4.79707,709
Azul,41.61371, -4.79717,710
Azul,41.61362, -4.79738,711
Azul,41.61347, -4.79766,712
Azul,41.61346, -4.79768,713
Azul,41.61308, -4.79846,714
Azul,41.61307, -4.79847,715
Azul,41.6127, -4.79921,716
Azul,41.61268, -4.79931,717
Azul,41.61268, -4.79937,718
Azul,41.61269, -4.79943,719
Azul,41.61271, -4.79952,720
Azul,41.61274, -4.79967,721
Azul,41.61277, -4.79967,722
Azul,41.61279, -4.79968,723
Azul,41.61282, -4.79969,724
Azul,41.61284, -4.7997,725
Azul,41.61286, -4.79971,726
Azul,41.61288, -4.79973,727
Azul,41.6129, -4.79976,728
Azul,41.61293, -4.79979,729
Azul,41.61299, -4.79974,730
Azul,41.61316, -4.79965,731
Azul,41.61323, -4.79967,732
Azul,41.61403, -4.79912,733
Azul,41.61419, -4.79901,734
Azul,41.6148, -4.7986,735
Azul,41.61493, -4.79852,736
Azul,41.61635, -4.79755,737
Azul,41.61743, -4.79682,738
Azul,41.61763, -4.79668,739
Azul,41.61789, -4.79651,740
Azul,41.61788, -4.7965,741
Azul,41.61788, -4.79648,742
Azul,41.61787, -4.79647,743
Azul,41.61787, -4.79646,744
Azul,41.61786, -4.79645,745
Azul,41.61786, -4.79643,746
Azul,41.61786, -4.79642,747
Azul,41.61785, -4.79641,748
Azul,41.61785, -4.79639,749
Azul,41.61785, -4.79637,750
Azul,41.61785, -4.79636,751
Azul,41.61785, -4.79635,752
Azul,41.61786, -4.79633,753
Azul,41.61786, -4.79632,754
Azul,41.61786, -4.79631,755
Azul,41.61787, -4.79629,756
Azul,41.61787, -4.79628,757
Azul,41.61787, -4.79627,758
Azul,41.61788, -4.79626,759
Azul,41.61789, -4.79625,760
Azul,41.61789, -4.79624,761
Azul,41.6179, -4.79623,762
Azul,41.61791, -4.79622,763
Azul,41.61792, -4.79621,764
Azul,41.61792, -4.7962,765
Azul,41.61793, -4.7962,766
Azul,41.61794, -4.79619,767
Azul,41.61795, -4.79619,768
Azul,41.61796, -4.79618,769
Azul,41.61797, -4.79618,770
Azul,41.61798, -4.79618,771
Azul,41.61799, -4.79617,772
Azul,41.618, -4.79617,773
Azul,41.61801, -4.79617,774
Azul,41.61802, -4.79618,775
Azul,41.61803, -4.79618,776
Azul,41.61804, -4.79618,777
Azul,41.61805, -4.79618,778
Azul,41.61806, -4.79619,779
Azul,41.61807, -4.7962,780
Azul,41.61808, -4.7962,781
Azul,41.61809, -4.79621,782
Azul,41.6181, -4.79622,783
Azul,41.61811, -4.79623,784
Azul,41.61811, -4.79624,785
Azul,41.61812, -4.79625,786
Azul,41.61813, -4.79626,787
Azul,41.61813, -4.79627,788
Azul,41.61814, -4.79628,789
Azul,41.61814, -4.79629,790
Azul,41.61815, -4.7963,791
Azul,41.61815, -4.79632,792
Azul,41.61815, -4.79633,793
Azul,41.61815, -4.79634,794
Azul,41.61815, -4.79635,795
Azul,41.61815, -4.79636,796
Azul,41.61816, -4.79637,797
Azul,41.61815, -4.7964,798
Azul,41.61815, -4.79641,799
Azul,41.61815, -4.79642,800
Azul,41.61815, -4.79644,801
Azul,41.61814, -4.79645,802
Azul,41.61814, -4.79646,803
Azul,41.61814, -4.79647,804
Azul,41.61814, -4.79648,805
Azul,41.61813, -4.79649,806
Azul,41.61812, -4.7965,807
Azul,41.61812, -4.79651,808
Azul,41.61811, -4.79652,809
Azul,41.6181, -4.79653,810
Azul,41.6181, -4.79654,811
Azul,41.61809, -4.79654,812
Azul,41.61808, -4.79655,813
Azul,41.61807, -4.79656,814
Azul,41.61806, -4.79656,815
Azul,41.61807, -4.7969,816
Azul,41.61807, -4.79709,817
Azul,41.61808, -4.79738,818
Azul,41.61808, -4.79742,819
Azul,41.61812, -4.79761,820
Azul,41.61815, -4.79774,821
Azul,41.61818, -4.79783,822
Azul,41.6182, -4.79789,823
Azul,41.61823, -4.79794,824
Azul,41.61827, -4.79802,825
Azul,41.61868, -4.7987,826
Azul,41.61913, -4.79945,827
Azul,41.61913, -4.79944,828
Azul,41.61914, -4.79944,829
Azul,41.61915, -4.79944,830
Azul,41.61916, -4.79944,831
Azul,41.61917, -4.79944,832
Azul,41.61918, -4.79944,833
Azul,41.61919, -4.79944,834
Azul,41.6192, -4.79945,835
Azul,41.61921, -4.79945,836
Azul,41.61921, -4.79946,837
Azul,41.61922, -4.79946,838
Azul,41.61923, -4.79947,839
Azul,41.61924, -4.79948,840
Azul,41.61925, -4.79949,841
Azul,41.61926, -4.7995,842
Azul,41.61926, -4.79951,843
Azul,41.61926, -4.79952,844
Azul,41.61927, -4.79952,845
Azul,41.61927, -4.79953,846
Azul,41.61927, -4.79954,847
Azul,41.61928, -4.79955,848
Azul,41.61928, -4.79956,849
Azul,41.61928, -4.79957,850
Azul,41.61928, -4.79958,851
Azul,41.61928, -4.79959,852
Azul,41.61928, -4.7996,853
Azul,41.61928, -4.79961,854
Azul,41.61928, -4.79962,855
Azul,41.61928, -4.79963,856
Azul,41.61928, -4.79964,857
Azul,41.61928, -4.79965,858
Azul,41.61928, -4.79966,859
Azul,41.61928, -4.79967,860
Azul,41.61927, -4.79967,861
Azul,41.61927, -4.79968,862
Azul,41.61927, -4.79969,863
Azul,41.61926, -4.7997,864
Azul,41.61926, -4.79971,865
Azul,41.61925, -4.79971,866
Azul,41.61925, -4.79972,867
Azul,41.61924, -4.79973,868
Azul,41.61924, -4.79974,869
Azul,41.61923, -4.79974,870
Azul,41.61922, -4.79975,871
Azul,41.61921, -4.79976,872
Azul,41.6192, -4.79976,873
Azul,41.61919, -4.79977,874
Azul,41.61918, -4.79977,875
Azul,41.61917, -4.79977,876
Azul,41.61916, -4.79977,877
Azul,41.61915, -4.79977,878
Azul,41.61914, -4.79977,879
Azul,41.61913, -4.79977,880
Azul,41.61912, -4.79976,881
Azul,41.61911, -4.79976,882
Azul,41.6191, -4.79976,883
Azul,41.6191, -4.79975,884
Azul,41.61897, -4.79992,885
Azul,41.61888, -4.80004,886
Azul,41.61846, -4.80057,887
Azul,41.61807, -4.80107,888
Azul,41.6178, -4.80143,889
Azul,41.61713, -4.80228,890
Azul,41.61648, -4.80311,891
Azul,41.61604, -4.80368,892
Azul,41.6158, -4.80398,893
Azul,41.61554, -4.80431,894
Azul,41.61541, -4.80448,895
Azul,41.61537, -4.80453,896
Azul,41.6154, -4.80458,897
Azul,41.61542, -4.80464,898
Azul,41.61543, -4.80471,899
Azul,41.61544, -4.80478,900
Azul,41.61544, -4.80485,901
Azul,41.61543, -4.80492,902
Azul,41.61541, -4.80499,903
Azul,41.61539, -4.80505,904
Azul,41.61534, -4.80512,905
Azul,41.61538, -4.80524,906
Azul,41.61557, -4.80578,907
Azul,41.61564, -4.80598,908
Azul,41.61599, -4.80712,909
Azul,41.6165, -4.80866,910
Azul,41.61665, -4.8091,911
Azul,41.6167, -4.80923,912
Azul,41.61714, -4.81048,913
Azul,41.61727, -4.81087,914
Azul,41.61741, -4.81127,915
Azul,41.6175, -4.81153,916
Azul,41.61761, -4.81189,917
Azul,41.61764, -4.81197,918
Azul,41.61766, -4.81206,919
Azul,41.61769, -4.8122,920
Azul,41.61774, -4.81238,921
Azul,41.61776, -4.81243,922
Azul,41.61776, -4.81244,923
Azul,41.61777, -4.81247,924
Azul,41.61779, -4.8125,925
Azul,41.61781, -4.81252,926
Azul,41.61783, -4.81255,927
Azul,41.61784, -4.81256,928
Azul,41.61785, -4.81257,929
Azul,41.61785, -4.81258,930
Azul,41.61786, -4.81259,931
Azul,41.61786, -4.8126,932
Azul,41.61788, -4.81265,933
Azul,41.6179, -4.81265,934
Azul,41.61791, -4.81265,935
Azul,41.61792, -4.81265,936
Azul,41.61793, -4.81265,937
Azul,41.61794, -4.81265,938
Azul,41.61795, -4.81265,939
Azul,41.61796, -4.81266,940
Azul,41.61808, -4.81245,941
Azul,41.61814, -4.8123,942
Azul,41.61828, -4.81204,943
Azul,41.61835, -4.81191,944
Azul,41.61834, -4.8119,945
Azul,41.61833, -4.81188,946
Azul,41.61832, -4.81186,947
Azul,41.61831, -4.81185,948
Azul,41.6183, -4.81183,949
Azul,41.61829, -4.81181,950
Azul,41.61829, -4.81179,951
Azul,41.61829, -4.81177,952
Azul,41.61828, -4.81175,953
Azul,41.61828, -4.81173,954
Azul,41.61828, -4.8117,955
Azul,41.61829, -4.81168,956
Azul,41.61829, -4.81166,957
Azul,41.6183, -4.81164,958
Azul,41.6183, -4.81162,959
Azul,41.61831, -4.8116,960
Azul,41.61832, -4.81158,961
Azul,41.61833, -4.81156,962
Azul,41.61835, -4.81155,963
Azul,41.61836, -4.81153,964
Azul,41.61838, -4.81152,965
Azul,41.61839, -4.81151,966
Azul,41.61841, -4.8115,967
Azul,41.61842, -4.8115,968
Azul,41.61844, -4.81149,969
Azul,41.61846, -4.81149,970
Azul,41.61848, -4.81149,971
Azul,41.61849, -4.8115,972
Azul,41.61851, -4.8115,973
Azul,41.61852, -4.81151,974
Azul,41.61854, -4.81152,975
Azul,41.61856, -4.81153,976
Azul,41.61857, -4.81154,977
Azul,41.61858, -4.81155,978
Azul,41.61858, -4.81156,979
Azul,41.61859, -4.81157,980
Azul,41.6186, -4.81158,981
Azul,41.61861, -4.8116,982
Azul,41.61862, -4.81162,983
Azul,41.61862, -4.81163,984
Azul,41.61863, -4.81164,985
Azul,41.61863, -4.81166,986
Azul,41.61863, -4.81167,987
Azul,41.61864, -4.81169,988
Azul,41.61864, -4.8117,989
Azul,41.61864, -4.81171,990
Azul,41.61864, -4.81173,991
Azul,41.61864, -4.81175,992
Azul,41.61864, -4.81176,993
Azul,41.61864, -4.81177,994
Azul,41.61863, -4.81179,995
Azul,41.61863, -4.8118,996
Azul,41.61863, -4.81182,997
Azul,41.61862, -4.81183,998
Azul,41.61862, -4.81185,999
Azul,41.61861, -4.81186,1000
Azul,41.6186, -4.81187,1001
Azul,41.6186, -4.81188,1002
Azul,41.61859, -4.81189,1003
Azul,41.61858, -4.81191,1004
Azul,41.61857, -4.81191,1005
Azul,41.61856, -4.81192,1006
Azul,41.61855, -4.81193,1007
Azul,41.61874, -4.81252,1008
Azul,41.61889, -4.81296,1009
Azul,41.61897, -4.81318,1010
Azul,41.61935, -4.814,1011
Azul,41.61956, -4.81444,1012
Azul,41.61958, -4.81447,1013
Azul,41.61973, -4.81476,1014
Azul,41.61997, -4.8144,1015
Azul,41.62005, -4.81429,1016
Azul,41.62008, -4.81422,1017
Azul,41.62021, -4.81401,1018
Azul,41.62024, -4.81395,1019
Azul,41.62028, -4.81385,1020
Azul,41.62031, -4.81377,1021
Azul,41.62034, -4.8137,1022
Azul,41.62037, -4.81358,1023
Azul,41.6204, -4.81341,1024
Azul,41.62045, -4.8132,1025
Azul,41.62047, -4.81315,1026
Azul,41.6205, -4.81306,1027
Azul,41.62057, -4.81287,1028
Azul,41.62061, -4.81275,1029
Azul,41.62063, -4.81272,1030
Azul,41.62069, -4.81258,1031
Azul,41.62072, -4.81252,1032
Azul,41.62083, -4.81232,1033
Azul,41.62085, -4.81229,1034
Azul,41.62092, -4.81217,1035
Azul,41.62095, -4.81212,1036
Azul,41.62097, -4.8121,1037
Azul,41.62098, -4.81208,1038
Azul,41.62104, -4.81202,1039
Azul,41.62112, -4.81195,1040
Azul,41.62115, -4.8119,1041
Azul,41.62117, -4.81187,1042
Azul,41.62121, -4.81184,1043
Azul,41.62125, -4.81182,1044
Azul,41.62126, -4.81181,1045
Azul,41.62129, -4.8118,1046
Azul,41.62135, -4.81178,1047
Azul,41.62143, -4.81176,1048
Azul,41.62149, -4.81175,1049
Azul,41.62153, -4.81174,1050
Azul,41.62162, -4.81172,1051
Azul,41.62181, -4.81143,1052
Azul,41.62221, -4.8107,1053
Azul,41.62232, -4.81051,1054
Azul,41.62231, -4.8105,1055
Azul,41.62171, -4.80987,1056
Azul,41.62136, -4.80954,1057
Azul,41.62103, -4.80919,1058
Azul,41.62083, -4.80899,1059
Azul,41.62068, -4.80884,1060
Azul,41.62041, -4.80857,1061
Azul,41.6204, -4.80858,1062
Azul,41.6204, -4.80859,1063
Azul,41.62039, -4.8086,1064
Azul,41.62039, -4.80861,1065
Azul,41.62038, -4.80862,1066
Azul,41.62037, -4.80862,1067
Azul,41.62036, -4.80863,1068
Azul,41.62036, -4.80864,1069
Azul,41.62035, -4.80864,1070
Azul,41.62034, -4.80865,1071
Azul,41.62033, -4.80865,1072
Azul,41.62032, -4.80866,1073
Azul,41.62031, -4.80866,1074
Azul,41.6203, -4.80866,1075
Azul,41.62029, -4.80866,1076
Azul,41.62028, -4.80866,1077
Azul,41.62027, -4.80866,1078
Azul,41.62026, -4.80866,1079
Azul,41.62025, -4.80866,1080
Azul,41.62024, -4.80865,1081
Azul,41.62023, -4.80865,1082
Azul,41.62022, -4.80864,1083
Azul,41.62021, -4.80864,1084
Azul,41.6202, -4.80863,1085
Azul,41.6202, -4.80862,1086
Azul,41.62019, -4.80861,1087
Azul,41.62018, -4.8086,1088
Azul,41.62017, -4.80859,1089
Azul,41.62016, -4.80858,1090
Azul,41.62016, -4.80857,1091
Azul,41.62015, -4.80856,1092
Azul,41.62015, -4.80854,1093
Azul,41.62015, -4.80853,1094
Azul,41.62014, -4.80852,1095
Azul,41.62014, -4.80851,1096
Azul,41.62014, -4.80849,1097
Azul,41.62014, -4.80848,1098
Azul,41.62014, -4.80847,1099
Azul,41.62014, -4.80846,1100
Azul,41.62014, -4.80844,1101
Azul,41.62014, -4.80843,1102
Azul,41.62014, -4.80842,1103
Azul,41.62014, -4.80841,1104
Azul,41.62015, -4.80839,1105
Azul,41.62015, -4.80838,1106
Azul,41.62015, -4.80837,1107
Azul,41.62016, -4.80836,1108
Azul,41.62017, -4.80834,1109
Azul,41.62017, -4.80833,1110
Azul,41.62018, -4.80832,1111
Azul,41.62019, -4.80831,1112
Azul,41.6202, -4.8083,1113
Azul,41.62021, -4.80829,1114
Azul,41.62022, -4.80829,1115
Azul,41.62023, -4.80828,1116
Azul,41.62024, -4.80828,1117
Azul,41.62025, -4.80827,1118
Azul,41.62026, -4.80827,1119
Azul,41.62027, -4.80826,1120
Azul,41.62028, -4.80826,1121
Azul,41.62029, -4.80826,1122
Azul,41.6203, -4.80826,1123
Azul,41.62031, -4.80827,1124
Azul,41.62032, -4.80827,1125
Azul,41.62033, -4.80827,1126
Azul,41.62034, -4.80827,1127
Azul,41.62035, -4.80828,1128
Azul,41.62036, -4.80829,1129
Azul,41.62037, -4.8083,1130
Azul,41.62056, -4.80798,1131
Azul,41.62069, -4.80774,1132
Azul,41.62123, -4.80683,1133
Azul,41.62133, -4.80665,1134
Azul,41.62139, -4.80654,1135
Azul,41.62146, -4.80643,1136
Azul,41.62148, -4.80639,1137
Azul,41.62167, -4.80604,1138
Azul,41.62188, -4.80565,1139
Azul,41.62199, -4.80545,1140
Azul,41.62209, -4.80526,1141
Azul,41.62218, -4.80509,1142
Azul,41.62218, -4.80508,1143
Azul,41.62217, -4.80507,1144
Azul,41.62216, -4.80506,1145
Azul,41.62216, -4.80505,1146
Azul,41.62215, -4.80504,1147
Azul,41.62214, -4.80502,1148
Azul,41.62214, -4.80501,1149
Azul,41.62214, -4.805,1150
Azul,41.62213, -4.80498,1151
Azul,41.62213, -4.80497,1152
Azul,41.62213, -4.80496,1153
Azul,41.62213, -4.80494,1154
Azul,41.62213, -4.80493,1155
Azul,41.62213, -4.80492,1156
Azul,41.62213, -4.8049,1157
Azul,41.62213, -4.80489,1158
Azul,41.62214, -4.80487,1159
Azul,41.62214, -4.80486,1160
Azul,41.62214, -4.80485,1161
Azul,41.62215, -4.80484,1162
Azul,41.62215, -4.80482,1163
Azul,41.62216, -4.80481,1164
Azul,41.62216, -4.8048,1165
Azul,41.62217, -4.80479,1166
Azul,41.62218, -4.80478,1167
Azul,41.62219, -4.80477,1168
Azul,41.6222, -4.80476,1169
Azul,41.62199, -4.80438,1170
Azul,41.62172, -4.80388,1171
Azul,41.62132, -4.80321,1172
Azul,41.62084, -4.80235,1173
Azul,41.62079, -4.80232,1174
Azul,41.62076, -4.80229,1175
Azul,41.62073, -4.80226,1176
Azul,41.62071, -4.80228,1177
Azul,41.6207, -4.80228,1178
Azul,41.62069, -4.80229,1179
Azul,41.62068, -4.80229,1180
Azul,41.62067, -4.80229,1181
Azul,41.62065, -4.80229,1182
Azul,41.62064, -4.80229,1183
Azul,41.62063, -4.80229,1184
Azul,41.62062, -4.80229,1185
Azul,41.6206, -4.80229,1186
Azul,41.62059, -4.80228,1187
Azul,41.62058, -4.80228,1188
Azul,41.62057, -4.80227,1189
Azul,41.62056, -4.80226,1190
Azul,41.62055, -4.80225,1191
Azul,41.62054, -4.80224,1192
Azul,41.62053, -4.80223,1193
Azul,41.62052, -4.80222,1194
Azul,41.62052, -4.80221,1195
Azul,41.62051, -4.8022,1196
Azul,41.6205, -4.80218,1197
Azul,41.6205, -4.80217,1198
Azul,41.62049, -4.80215,1199
Azul,41.62049, -4.80214,1200
Azul,41.62049, -4.80212,1201
Azul,41.62048, -4.80211,1202
Azul,41.62048, -4.80209,1203
Azul,41.62048, -4.80208,1204
Azul,41.62048, -4.80206,1205
Azul,41.62048, -4.80205,1206
Azul,41.62049, -4.80203,1207
Azul,41.62049, -4.80202,1208
Azul,41.62049, -4.802,1209
Azul,41.6205, -4.80199,1210
Azul,41.6205, -4.80198,1211
Azul,41.62051, -4.80196,1212
Azul,41.62047, -4.80187,1213
Azul,41.62041, -4.80176,1214
Azul,41.6204, -4.80173,1215
Azul,41.62012, -4.80128,1216
Azul,41.62017, -4.80122,1217
Azul,41.62036, -4.80103,1218
Azul,41.62093, -4.80044,1219
Azul,41.62129, -4.80005,1220
Azul,41.62143, -4.7999,1221
Azul,41.62165, -4.79962,1222
Azul,41.6218, -4.79931,1223
Azul,41.62182, -4.79925,1224
Azul,41.62187, -4.79909,1225
Azul,41.62191, -4.79895,1226
Azul,41.62194, -4.7987,1227
Azul,41.62194, -4.79863,1228
Azul,41.62194, -4.79855,1229
Azul,41.62194, -4.79838,1230
Azul,41.62194, -4.79832,1231
Azul,41.62191, -4.79812,1232
Azul,41.62185, -4.79783,1233
Azul,41.62185, -4.79778,1234
Azul,41.62181, -4.79747,1235
Azul,41.6218, -4.79744,1236
Azul,41.62179, -4.79723,1237
Azul,41.6218, -4.79697,1238
Azul,41.6218, -4.79696,1239
Azul,41.62183, -4.79678,1240
Azul,41.62184, -4.79673,1241
Azul,41.62187, -4.7966,1242
Azul,41.6219, -4.7965,1243
Azul,41.62192, -4.79642,1244
Azul,41.62201, -4.79618,1245
Azul,41.62207, -4.79608,1246
Azul,41.62217, -4.79588,1247
Azul,41.62216, -4.79587,1248
Azul,41.62215, -4.79587,1249
Azul,41.62215, -4.79586,1250
Azul,41.62214, -4.79585,1251
Azul,41.62213, -4.79584,1252
Azul,41.62213, -4.79583,1253
Azul,41.62212, -4.79582,1254
Azul,41.62211, -4.79581,1255
Azul,41.62211, -4.7958,1256
Azul,41.6221, -4.79579,1257
Azul,41.6221, -4.79578,1258
Azul,41.6221, -4.79577,1259
Azul,41.62209, -4.79574,1260
Azul,41.62209, -4.79573,1261
Azul,41.62209, -4.79571,1262
Azul,41.62209, -4.7957,1263
Azul,41.62209, -4.79569,1264
Azul,41.62209, -4.79568,1265
Azul,41.62209, -4.79566,1266
Azul,41.6221, -4.79565,1267
Azul,41.6221, -4.79564,1268
Azul,41.6221, -4.79563,1269
Azul,41.62211, -4.79562,1270
Azul,41.62211, -4.7956,1271
Azul,41.62212, -4.79559,1272
Azul,41.62212, -4.79558,1273
Azul,41.62213,-4.7955,1274
Azul,41.62214, -4.79556,1275
Azul,41.62215, -4.79555,1276
Azul,41.62215, -4.79554,1277
Azul,41.62216, -4.79554,1278
Azul,41.62217, -4.79553,1279
Azul,41.62218, -4.79553,1280
Azul,41.62219, -4.79552,1281
Azul,41.6222, -4.79552,1282
Azul,41.62221, -4.79551,1283
Azul,41.62222, -4.79551,1284
Azul,41.62223, -4.79551,1285
Azul,41.62224, -4.79551,1286
Azul,41.62225, -4.79551,1287
Azul,41.62226, -4.79551,1288
Azul,41.62227, -4.79551,1289
Azul,41.62228, -4.79551,1290
Azul,41.62228, -4.79552,1291
Azul,41.62229, -4.79552,1292
Azul,41.6223, -4.79553,1293
Azul,41.62231, -4.79553,1294
Azul,41.62232, -4.79554,1295
Azul,41.62233, -4.79555,1296
Azul,41.62233, -4.79556,1297
Azul,41.62234, -4.79557,1298
Azul,41.62235, -4.79557,1299
Azul,41.62235, -4.79558,1300
Azul,41.62236, -4.7956,1301
Azul,41.62237, -4.79561,1302
Azul,41.62237, -4.79562,1303
Azul,41.62237, -4.79563,1304
Azul,41.62238, -4.79564,1305
Azul,41.62238, -4.79566,1306
Azul,41.62238, -4.79567,1307
Azul,41.62238, -4.79568,1308
Azul,41.62238, -4.79569,1309
Azul,41.62238, -4.79571,1310
Azul,41.62238, -4.79572,1311
Azul,41.62238, -4.79573,1312
Azul,41.62256, -4.7958,1313
Azul,41.62265, -4.79583,1314
Azul,41.62321, -4.79604,1315
Azul,41.6236, -4.79614,1316
Azul,41.62378, -4.79619,1317
Azul,41.62385, -4.79621,1318
Azul,41.62428, -4.79631,1319
Azul,41.62449, -4.79629,1320
Azul,41.62467, -4.79627,1321
Azul,41.62468, -4.79627,1322
Azul,41.62526, -4.79603,1323
Azul,41.62536, -4.79597,1324
Azul,41.62597, -4.79548,1325
Azul,41.62613, -4.79536,1326
Azul,41.62614, -4.79535,1327
Azul,41.62628, -4.79523,1328
Azul,41.62658, -4.79496,1329
Azul,41.62665, -4.79489,1330
Azul,41.62672, -4.79482,1331
Azul,41.6271, -4.79447,1332
Azul,41.6276, -4.79398,1333
Azul,41.62775, -4.79382,1334
Azul,41.62824, -4.79341,1335
Azul,41.62851, -4.7932,1336
Azul,41.62866, -4.79307,1337
Azul,41.6288, -4.79297,1338
Azul,41.62897, -4.79284,1339
Azul,41.62907, -4.79276,1340
Azul,41.62913, -4.79272,1341
Azul,41.62926, -4.79263,1342
Azul,41.62937, -4.79255,1343
Azul,41.62946, -4.79252,1344
Azul,41.62954, -4.79247,1345
Azul,41.62977, -4.79239,1346
Azul,41.62996, -4.7923,1347
Azul,41.63014, -4.79223,1348
Azul,41.63019, -4.79221,1349
Azul,41.6303, -4.79216,1350
Azul,41.63031, -4.79215,1351
Azul,41.63053, -4.79204,1352
Azul,41.6306, -4.79199,1353
Azul,41.63074, -4.79188,1354
Azul,41.63084, -4.79177,1355
Azul,41.63092, -4.79168,1356
Azul,41.63095, -4.79164,1357
Azul,41.63094, -4.79162,1358
Azul,41.63093, -4.79161,1359
Azul,41.63092, -4.79159,1360
Azul,41.63092, -4.79158,1361
Azul,41.63091, -4.79156,1362
Azul,41.63091, -4.79155,1363
Azul,41.6309, -4.79153,1364
Azul,41.6309, -4.79151,1365
Azul,41.6309, -4.79146,1366
Azul,41.6309, -4.79141,1367
Azul,41.6309, -4.79136,1368
Azul,41.63091, -4.79131,1369
Azul,41.63093, -4.79126,1370
Azul,41.63095, -4.79121,1371
Azul,41.63097, -4.79117,1372
Azul,41.631, -4.79113,1373
Azul,41.63103, -4.7911,1374
Azul,41.63101, -4.7909,1375
Azul,41.63099, -4.79081,1376
Azul,41.6309, -4.7904,1377
Azul,41.63065, -4.78937,1378
Azul,41.63063, -4.78937,1379
Azul,41.63062, -4.78937,1380
Azul,41.6306, -4.78937,1381
Azul,41.63058, -4.78936,1382
Azul,41.63057, -4.78936,1383
Azul,41.63055, -4.78935,1384
Azul,41.63053, -4.78934,1385
Azul,41.63052, -4.78932,1386
Azul,41.63051, -4.78931,1387
Azul,41.63049, -4.7893,1388
Azul,41.63048, -4.78928,1389
Azul,41.63047, -4.78926,1390
Azul,41.63046, -4.78924,1391
Azul,41.63046, -4.78922,1392
Azul,41.63045, -4.7892,1393
Azul,41.63044, -4.78918,1394
Azul,41.63044, -4.78915,1395
Azul,41.63044, -4.78913,1396
Azul,41.63044, -4.78911,1397
Azul,41.63044, -4.78907,1398
Azul,41.63044, -4.78904,1399
Azul,41.63045, -4.78902,1400
Azul,41.63046, -4.789,1401
Azul,41.63046, -4.78898,1402
Azul,41.63047, -4.78896,1403
Azul,41.63048, -4.78894,1404
Azul,41.6305, -4.78892,1405
Azul,41.63051, -4.78891,1406
Azul,41.63052, -4.78889,1407
Azul,41.63054, -4.78888,1408
Azul,41.63055, -4.78887,1409
Azul,41.63057, -4.78886,1410
Azul,41.63058, -4.78886,1411
Azul,41.6306, -4.78885,1412
Azul,41.63062, -4.78885,1413
Azul,41.63064, -4.78885,1414
Azul,41.63065, -4.78885,1415
Azul,41.63067, -4.78885,1416
Azul,41.63068, -4.78886,1417
Azul,41.63085, -4.788,1418
Azul,41.63103, -4.78704,1419
Azul,41.63102, -4.78702,1420
Azul,41.63101, -4.78701,1421
Azul,41.631, -4.787,1422
Azul,41.63099, -4.78698,1423
Azul,41.63098, -4.78696,1424
Azul,41.63097, -4.78695,1425
Azul,41.63096, -4.78693,1426
Azul,41.63096, -4.78691,1427
Azul,41.63095, -4.78689,1428
Azul,41.63095, -4.78687,1429
Azul,41.63095, -4.78685,1430
Azul,41.63095, -4.78683,1431
Azul,41.63095, -4.78681,1432
Azul,41.63095, -4.78677,1433
Azul,41.63096, -4.78675,1434
Azul,41.63096, -4.78673,1435
Azul,41.63097, -4.78672,1436
Azul,41.63098, -4.7867,1437
Azul,41.63098, -4.78668,1438
Azul,41.63099, -4.78666,1439
Azul,41.631, -4.78665,1440
Azul,41.63102, -4.78664,1441
Azul,41.63103, -4.78662,1442
Azul,41.63104, -4.78661,1443
Azul,41.63105, -4.7866,1444
Azul,41.63107, -4.7866,1445
Azul,41.63108, -4.78659,1446
Azul,41.6311, -4.78658,1447
Azul,41.63111, -4.78658,1448
Azul,41.63113, -4.78658,1449
Azul,41.63114, -4.78658,1450
Azul,41.63116, -4.78658,1451
Azul,41.63117, -4.78659,1452
Azul,41.63119, -4.78659,1453
Azul,41.63121, -4.7866,1454
Azul,41.63122, -4.78661,1455
Azul,41.63124, -4.78662,1456
Azul,41.63125, -4.78663,1457
Azul,41.63126, -4.78665,1458
Azul,41.63127, -4.78666,1459
Azul,41.63128, -4.78668,1460
Azul,41.63129, -4.78669,1461
Azul,41.6313, -4.78671,1462
Azul,41.6313, -4.78673,1463
Azul,41.63131, -4.78675,1464
Azul,41.63131, -4.78677,1465
Azul,41.63132, -4.78679,1466
Azul,41.63132, -4.78681,1467
Azul,41.63132, -4.78683,1468
Azul,41.63132, -4.78685,1469
Azul,41.63132, -4.78687,1470
Azul,41.63131, -4.78689,1471
Azul,41.63131, -4.78691,1472
Azul,41.6313, -4.78694,1473
Azul,41.63129, -4.78696,1474
Azul,41.63128, -4.78698,1475
Azul,41.63127, -4.78699,1476
Azul,41.63126, -4.78701,1477
Azul,41.63125, -4.78702,1478
Azul,41.63124, -4.78703,1479
Azul,41.63122, -4.78705,1480
Azul,41.63121, -4.78705,1481
Azul,41.6312, -4.78706,1482
Azul,41.63118, -4.78707,1483
Azul,41.63117, -4.78707,1484
Azul,41.63115, -4.78708,1485
Azul,41.63114, -4.78708,1486
Azul,41.63112, -4.78708,1487
Azul,41.63075, -4.7889,1488
Azul,41.63078, -4.78893,1489
Azul,41.63079, -4.78895,1490
Azul,41.6308, -4.78897,1491
Azul,41.63081, -4.78898,1492
Azul,41.63081, -4.78901,1493
Azul,41.63082, -4.78903,1494
Azul,41.63083, -4.78905,1495
Azul,41.63083, -4.78907,1496
Azul,41.63083, -4.78909,1497
Azul,41.63083, -4.78912,1498
Azul,41.63083, -4.78915,1499
Azul,41.63083, -4.78917,1500
Azul,41.63082, -4.78919,1501
Azul,41.63082, -4.78921,1502
Azul,41.63081, -4.78923,1503
Azul,41.6308, -4.78925,1504
Azul,41.63079, -4.78927,1505
Azul,41.63078, -4.78929,1506
Azul,41.63077, -4.7893,1507
Azul,41.63075, -4.78932,1508
Azul,41.63074, -4.78933,1509
Azul,41.63092, -4.79014,1510
Azul,41.63107, -4.79082,1511
Azul,41.63107, -4.79083,1512
Azul,41.63109, -4.79091,1513
Azul,41.63116, -4.79104,1514
Azul,41.63119, -4.79104,1515
Azul,41.63121, -4.79104,1516
Azul,41.63124, -4.79105,1517
Azul,41.63127, -4.79105,1518
Azul,41.63129, -4.79107,1519
Azul,41.63132, -4.79108,1520
Azul,41.63134, -4.7911,1521
Azul,41.63137, -4.79112,1522
Azul,41.63138, -4.79114,1523
Azul,41.6314, -4.79116,1524
Azul,41.63141, -4.79118,1525
Azul,41.63142, -4.7912,1526
Azul,41.63143, -4.79122,1527
Azul,41.63144, -4.79125,1528
Azul,41.63145, -4.79127,1529
Azul,41.63146, -4.79129,1530
Azul,41.63147, -4.79135,1531
Azul,41.63147, -4.7914,1532
Azul,41.63147, -4.79145,1533
Azul,41.63147, -4.7915,1534
Azul,41.63146, -4.79155,1535
Azul,41.63144, -4.7916,1536
Azul,41.63142, -4.79164,1537
Azul,41.6314, -4.79168,1538
Azul,41.63137, -4.79172,1539
Azul,41.63134, -4.79175,1540
Azul,41.6313, -4.79177,1541
Azul,41.63126, -4.79179,1542
Azul,41.63123, -4.7918,1543
Azul,41.63119, -4.7918,1544
Azul,41.63115, -4.7918,1545
Azul,41.63111, -4.79179,1546
Azul,41.63106, -4.79177,1547
Azul,41.63074, -4.792,1548
Azul,41.63055, -4.79213,1549
Azul,41.63045, -4.79218,1550
Azul,41.63041, -4.7922,1551
Azul,41.63007, -4.79236,1552
Azul,41.62992, -4.79244,1553
Azul,41.62956, -4.79262,1554
Azul,41.6294, -4.7927,1555
Azul,41.62927, -4.79277,1556
Azul,41.62923, -4.7928,1557
Azul,41.62907, -4.7929,1558
Azul,41.62894, -4.79299,1559
Azul,41.62861, -4.79324,1560
Azul,41.62845, -4.79339,1561
Azul,41.62838, -4.79345,1562
Azul,41.62784, -4.7939,1563
Azul,41.6278, -4.79394,1564
Azul,41.62741, -4.7943,1565
Azul,41.62701, -4.79469,1566
Azul,41.62681, -4.79488,1567
Azul,41.62666, -4.79502,1568
Azul,41.62652, -4.79514,1569
Azul,41.62652, -4.79515,1570
Azul,41.62636, -4.79527,1571
Azul,41.62623, -4.79539,1572
Azul,41.62606, -4.79553,1573
Azul,41.62594, -4.79564,1574
Azul,41.62578, -4.79577,1575
Azul,41.62561, -4.79592,1576
Azul,41.62534, -4.79612,1577
Azul,41.6251, -4.79627,1578
Azul,41.62491, -4.79636,1579
Azul,41.62481, -4.79639,1580
Azul,41.62471, -4.79641,1581
Azul,41.62463, -4.79642,1582
Azul,41.62457, -4.79643,1583
Azul,41.62445, -4.79642,1584
Azul,41.62439, -4.79641,1585
Azul,41.62403, -4.79639,1586
Azul,41.62362, -4.79627,1587
Azul,41.62357, -4.79625,1588
Azul,41.62323, -4.79616,1589
Azul,41.62316, -4.79615,1590
Azul,41.62261, -4.79592,1591
Azul,41.62259, -4.79591,1592
Azul,41.62235, -4.79584,1593
Azul,41.62233, -4.79586,1594
Azul,41.62232, -4.79587,1595
Azul,41.62231, -4.79587,1596
Azul,41.6223, -4.79588,1597
Azul,41.62229, -4.79589,1598
Azul,41.62228, -4.79589,1599
Azul,41.62227, -4.7959,1600
Azul,41.62226, -4.7959,1601
Azul,41.62225, -4.7959,1602
Azul,41.62224, -4.7959,1603
Azul,41.62223, -4.7959,1604
Azul,41.62222, -4.7959,1605
Azul,41.62221, -4.7959,1606
Azul,41.6222, -4.79589,1607
Azul,41.62219, -4.79589,1608
Azul,41.62218, -4.79589,1609
Azul,41.62217, -4.79588,1610
Azul,41.62216, -4.79587,1611
Azul,41.62215, -4.79587,1612
Azul,41.62215, -4.79586,1613
Azul,41.62214, -4.79585,1614
Azul,41.62213, -4.79584,1615
Azul,41.62213, -4.79583,1616
Azul,41.62212, -4.79582,1617
Azul,41.62211, -4.79581,1618
Azul,41.62211, -4.7958,1619
Azul,41.6221, -4.79579,1620
Azul,41.6221, -4.79578,1621
Azul,41.6221, -4.79577,1622
Azul,41.62194, -4.79572,1623
Azul,41.62187, -4.79572,1624
Azul,41.62184, -4.79573,1625
Azul,41.6218, -4.79573,1626
Azul,41.6217, -4.79576,1627
Azul,41.6216, -4.7958,1628
Azul,41.62149, -4.79585,1629
Azul,41.62143, -4.79588,1630
Azul,41.6213, -4.79594,1631
Azul,41.62116, -4.79603,1632
Azul,41.62099, -4.79613,1633
Azul,41.62082, -4.79621,1634
Azul,41.62073, -4.79626,1635
Azul,41.62055, -4.79633,1636
Azul,41.62042, -4.79636,1637
Azul,41.62035, -4.79637,1638
Azul,41.62018, -4.7964,1639
Azul,41.61984, -4.79642,1640
Azul,41.61964, -4.79643,1641
Azul,41.61886, -4.79645,1642
Azul,41.6185, -4.79646,1643
Azul,41.61825, -4.79646,1644
Azul,41.61814, -4.79647,1645
Azul,41.61814, -4.79648,1646
Azul,41.61813, -4.79649,1647
Azul,41.61812, -4.7965,1648
Azul,41.61812, -4.79651,1649
Azul,41.61811, -4.79652,1650
Azul,41.6181, -4.79653,1651
Azul,41.6181, -4.79654,1652
Azul,41.61809, -4.79654,1653
Azul,41.61808, -4.79655,1654
Azul,41.61807, -4.79656,1655
Azul,41.61806, -4.79656,1656
Azul,41.61805, -4.79657,1657
Azul,41.61804, -4.79657,1658
Azul,41.61803, -4.79658,1659
Azul,41.61802, -4.79658,1660
Azul,41.618, -4.79658,1661
Azul,41.61799, -4.79658,1662
Azul,41.61798, -4.79658,1663
Azul,41.61797, -4.79658,1664
Azul,41.61796, -4.79657,1665
Azul,41.61795, -4.79657,1666
Azul,41.61794, -4.79656,1667
Azul,41.61793, -4.79655,1668
Azul,41.61792, -4.79655,1669
Azul,41.61792, -4.79654,1670
Azul,41.61791, -4.79654,1671
Azul,41.6179, -4.79653,1672
Azul,41.6179, -4.79652,1673
Azul,41.61789, -4.79652,1674
Azul,41.61789, -4.79651,1675
Azul,41.61788, -4.7965,1676
Azul,41.61788, -4.79648,1677
Azul,41.61787, -4.79647,1678
Azul,41.61787, -4.79646,1679
Azul,41.61786, -4.79645,1680
Azul,41.61786, -4.79643,1681
Azul,41.61786, -4.79642,1682
Azul,41.61785, -4.79641,1683
Azul,41.61785, -4.79639,1684
Azul,41.61785, -4.79637,1685
Azul,41.61785, -4.79636,1686
Azul,41.61785, -4.79635,1687
Azul,41.61786, -4.79633,1688
Azul,41.61786, -4.79632,1689
Azul,41.61786, -4.79631,1690
Azul,41.61787, -4.79629,1691
Azul,41.61787, -4.79628,1692
Azul,41.61787, -4.79627,1693
Azul,41.61788, -4.79626,1694
Azul,41.61789, -4.79625,1695
Azul,41.61789, -4.79624,1696
Azul,41.6179, -4.79623,1697
Azul,41.61791, -4.79622,1698
Azul,41.61792, -4.79621,1699
Azul,41.61792, -4.7962,1700
Azul,41.61793, -4.7962,1701
Azul,41.61794, -4.79619,1702
Azul,41.61795, -4.79619,1703
Azul,41.61796, -4.79618,1704
Azul,41.61797, -4.79618,1705
Azul,41.61798, -4.79618,1706
Azul,41.61799, -4.79617,1707
Azul,41.618, -4.79617,1708
Azul,41.61801, -4.79617,1709
Azul,41.61802, -4.79618,1710
Azul,41.61805, -4.7961,1711
Azul,41.61814, -4.79584,1712
Azul,41.61817, -4.79574,1713
Azul,41.61836, -4.79522,1714
Azul,41.61844, -4.795,1715
Azul,41.61884, -4.7939,1716
Azul,41.61885, -4.79387,1717
Azul,41.61889, -4.79377,1718
Azul,41.61903, -4.79333,1719
Azul,41.61919, -4.79284,1720
Azul,41.61932, -4.79247,1721
Azul,41.61953, -4.79189,1722
Azul,41.61976, -4.79126,1723
Azul,41.61991, -4.79083,1724
Azul,41.62012, -4.79023,1725
Azul,41.62019, -4.79003,1726
Azul,41.6202, -4.79001,1727
Azul,41.62026, -4.78984,1728
Azul,41.62027, -4.78979,1729
Azul,41.62029, -4.78974,1730
Azul,41.62039, -4.78946,1731
Azul,41.62053, -4.78902,1732
Azul,41.62061, -4.7888,1733
Azul,41.62068, -4.78858,1734
Azul,41.62106, -4.78748,1735
Azul,41.62107, -4.78744,1736
Azul,41.62115, -4.78722,1737
Azul,41.62122, -4.787,1738
Azul,41.62137, -4.78656,1739
Azul,41.62144, -4.78634,1740
Azul,41.62156, -4.78601,1741
Azul,41.62163, -4.78578,1742
Azul,41.62175, -4.78544,1743
Azul,41.62178, -4.78535,1744
Azul,41.62186, -4.78519,1745
Azul,41.6219, -4.7851,1746
Azul,41.62193, -4.78499,1747
Azul,41.62208, -4.78455,1748
Azul,41.62212, -4.78443,1749
Azul,41.62219, -4.78421,1750
Azul,41.62225, -4.78403,1751
Azul,41.62227, -4.78397,1752
Azul,41.62229, -4.78391,1753
Azul,41.6223, -4.78389,1754
Azul,41.62234, -4.78377,1755
Azul,41.62243, -4.78351,1756
Azul,41.62249, -4.78333,1757
Azul,41.62255, -4.78317,1758
Azul,41.62256, -4.78314,1759
Azul,41.6226, -4.78301,1760
Azul,41.62264, -4.78289,1761
Azul,41.62273, -4.78264,1762
Azul,41.62287, -4.7822,1763
Azul,41.62295, -4.78197,1764
Azul,41.62311, -4.78153,1765
Azul,41.62333, -4.78089,1766
Azul,41.62357, -4.78024,1767
Azul,41.62368, -4.77996,1768
Azul,41.62368, -4.77995,1769
Azul,41.62367, -4.77994,1770
Azul,41.62366, -4.77993,1771
Azul,41.62365, -4.77991,1772
Azul,41.62364, -4.7799,1773
Azul,41.62363, -4.77988,1774
Azul,41.62362, -4.77986,1775
Azul,41.62362, -4.77984,1776
Azul,41.62361, -4.77983,1777
Azul,41.62361, -4.77981,1778
Azul,41.62361, -4.77979,1779
Azul,41.62361, -4.77977,1780
Azul,41.62361, -4.77975,1781
Azul,41.62361, -4.77973,1782
Azul,41.62362, -4.77971,1783
Azul,41.62362, -4.77969,1784
Azul,41.62362, -4.77968,1785
Azul,41.62363, -4.77967,1786
Azul,41.62363, -4.77966,1787
Azul,41.62364, -4.77964,1788
Azul,41.62365, -4.77963,1789
Azul,41.62366, -4.77961,1790
Azul,41.62368, -4.7796,1791
Azul,41.62369, -4.77959,1792
Azul,41.6237, -4.77958,1793
Azul,41.62372, -4.77957,1794
Azul,41.62373, -4.77957,1795
Azul,41.62374, -4.77956,1796
Azul,41.62376, -4.77956,1797
Azul,41.62377, -4.77955,1798
Azul,41.62379, -4.77955,1799
Azul,41.6238, -4.77956,1800
Azul,41.62381, -4.77956,1801
Azul,41.62397, -4.77899,1802
Azul,41.62406, -4.77872,1803
Azul,41.62434, -4.77797,1804
Azul,41.62451, -4.77754,1805
Azul,41.62463, -4.77723,1806
Azul,41.62474, -4.77693,1807
Azul,41.62479, -4.77676,1808
Azul,41.6248, -4.77676,1809
Azul,41.62484, -4.77662,1810
Azul,41.62485, -4.77657,1811
Azul,41.62485, -4.77653,1812
Azul,41.62486, -4.77648,1813
Azul,41.62485, -4.77648,1814
Azul,41.62483, -4.77645,1815
Azul,41.62481, -4.77641,1816
Azul,41.6248, -4.77637,1817
Azul,41.6248, -4.77634,1818
Azul,41.6248, -4.77629,1819
Azul,41.6248, -4.77625,1820
Azul,41.62481, -4.77622,1821
Azul,41.62482, -4.77618,1822
Azul,41.62484, -4.77615,1823
Azul,41.62486, -4.77612,1824
Azul,41.62489, -4.7761,1825
Azul,41.62492, -4.77609,1826
Azul,41.62495, -4.77608,1827
Azul,41.62498, -4.77608,1828
Azul,41.62501, -4.77608,1829
Azul,41.62504, -4.7761,1830
Azul,41.62505, -4.7761,1831
Azul,41.62506, -4.77611,1832
Azul,41.62508, -4.776,1833
Azul,41.62517, -4.77574,1834
Azul,41.62528, -4.77537,1835
Azul,41.62531, -4.77529,1836
Azul,41.62534, -4.77511,1837
Azul,41.62538, -4.77481,1838
Azul,41.62538, -4.77478,1839
Azul,41.62543, -4.7744,1840
Azul,41.62548, -4.77401,1841
Azul,41.62551, -4.77383,1842
Azul,41.62566, -4.77385,1843
Azul,41.62591, -4.77387,1844
Azul,41.62597, -4.77388,1845
Azul,41.62626, -4.77391,1846
Azul,41.62632, -4.77392,1847
Azul,41.62634, -4.77408,1848
Azul,41.62636, -4.77429,1849
Azul,41.6264, -4.77452,1850
Azul,41.6264, -4.77455,1851
Azul,41.62641, -4.77458,1852
Azul,41.6264, -4.77471,1853
Azul,41.62639, -4.77488,1854
Azul,41.62636, -4.77532,1855
Azul,41.62635, -4.77567,1856
Azul,41.62647, -4.77568,1857
Azul,41.62649, -4.77568,1858
Azul,41.62685, -4.77572,1859
Azul,41.62689, -4.77573,1860
Azul,41.62709, -4.77575,1861
Azul,41.62735, -4.7758,1862
Azul,41.62771, -4.77584,1863
Azul,41.62793, -4.77587,1864
Azul,41.62814, -4.7759,1865
Azul,41.6285, -4.77596,1866
Azul,41.62885, -4.77601,1867
Azul,41.62914, -4.77605,1868
Azul,41.6294, -4.77608,1869
Azul,41.62958, -4.7761,1870
Azul,41.62992, -4.77616,1871
Azul,41.63028, -4.77621,1872
Azul,41.6304, -4.7758,1873
Azul,41.63047, -4.77553,1874
Azul,41.63055, -4.77516,1875
Azul,41.63057, -4.7751,1876
Azul,41.63071, -4.77454,1877
Azul,41.63079, -4.7742,1878
Azul,41.63089, -4.77381,1879
Azul,41.63109, -4.77318,1880
Azul,41.63125, -4.77273,1881
Azul,41.63094, -4.77247,1882
Azul,41.63077, -4.77234,1883
Azul,41.63069, -4.77228,1884
Azul,41.63054, -4.77217,1885
Azul,41.63021, -4.77192,1886
Azul,41.63004, -4.7718,1887
Azul,41.62995, -4.77174,1888
Azul,41.62935, -4.77121,1889
Azul,41.62919, -4.77107,1890
Azul,41.62861, -4.77051,1891
Azul,41.62859, -4.77049,1892
Azul,41.62834, -4.77028,1893
Azul,41.62832, -4.77027,1894
Azul,41.62816, -4.77012,1895
Azul,41.62808, -4.77005,1896
Azul,41.62799, -4.76998,1897
Azul,41.62791, -4.76991,1898
Azul,41.6278, -4.76982,1899
Azul,41.62752, -4.76958,1900
Azul,41.62731, -4.76923,1901
Azul,41.62718, -4.76905,1902
Azul,41.62717, -4.76904,1903
Azul,41.627, -4.7688,1904
Azul,41.6265, -4.76804,1905
Azul,41.62614, -4.76755,1906
Azul,41.62598, -4.76737,1907
Azul,41.62589, -4.76724,1908
Azul,41.62577, -4.76709,1909
Azul,41.62558, -4.76683,1910
Azul,41.62539, -4.76659,1911
Azul,41.62532, -4.76642,1912
Azul,41.62529, -4.76642,1913
Azul,41.62527, -4.76641,1914
Azul,41.62526, -4.7664,1915
Azul,41.62525, -4.76639,1916
Azul,41.62521, -4.7663,1917
Azul,41.62519, -4.76631,1918
Azul,41.62517, -4.76632,1919
Azul,41.62515, -4.76633,1920
Azul,41.62513, -4.76633,1921
Azul,41.62512, -4.76633,1922
Azul,41.6251, -4.76633,1923
Azul,41.62508, -4.76633,1924
Azul,41.62506, -4.76633,1925
Azul,41.62505, -4.76633,1926
Azul,41.62504, -4.76632,1927
Azul,41.62503, -4.76632,1928
Azul,41.62502, -4.76631,1929
Azul,41.62501, -4.7663,1930
Azul,41.625, -4.7663,1931
Azul,41.62499, -4.76629,1932
Azul,41.62499, -4.76628,1933
Azul,41.625, -4.76623,1934
Azul,41.62502, -4.76618,1935
Azul,41.62517, -4.76577,1936
Azul,41.6254, -4.76504,1937
Azul,41.62608, -4.76309,1938
Azul,41.6263, -4.76242,1939
Azul,41.62633, -4.76233,1940
Azul,41.6266, -4.76155,1941
Azul,41.62693, -4.7606,1942
Azul,41.62694, -4.76058,1943
Azul,41.62725, -4.75972,1944
Azul,41.6274, -4.75931,1945
Azul,41.62773, -4.75838,1946
Azul,41.62784, -4.75805,1947
Azul,41.62789, -4.75788,1948
Azul,41.62793, -4.75778,1949
Azul,41.62805, -4.75741,1950
Azul,41.62821, -4.75694,1951
Azul,41.62832, -4.75663,1952
Azul,41.6285, -4.75615,1953
Azul,41.62864, -4.75583,1954
Azul,41.62888, -4.75533,1955
Azul,41.62892, -4.75527,1956
Azul,41.62906, -4.75501,1957
Azul,41.62926, -4.7547,1958
Azul,41.62944, -4.75444,1959
Azul,41.62962, -4.7542,1960
Azul,41.62963, -4.75419,1961
Azul,41.62995, -4.75383,1962
Azul,41.6302, -4.75357,1963
Azul,41.63041, -4.75336,1964
Azul,41.63074, -4.75302,1965
Azul,41.6312, -4.75256,1966
Azul,41.63278, -4.75097,1967
Azul,41.63306, -4.75066,1968
Azul,41.63308, -4.75064,1969
Azul,41.63316, -4.75054,1970
Azul,41.63339, -4.75024,1971
Azul,41.6335, -4.7501,1972
Azul,41.63366, -4.74971,1973
Azul,41.63366, -4.74969,1974
Azul,41.63367, -4.74965,1975
Azul,41.63368, -4.74961,1976
Azul,41.63369, -4.74957,1977
Azul,41.63372, -4.74951,1978
Azul,41.63373, -4.74912,1979
Azul,41.63374, -4.7491,1980
Azul,41.63374, -4.74909,1981
Azul,41.63374, -4.74908,1982
Azul,41.63375, -4.74907,1983
Azul,41.63375, -4.74906,1984
Azul,41.63376, -4.74905,1985
Azul,41.63374, -4.74891,1986
Azul,41.63372, -4.74867,1987
Azul,41.63365, -4.74816,1988
Azul,41.63363, -4.74797,1989
Azul,41.63359, -4.74753,1990
Azul,41.63357, -4.74742,1991
Azul,41.63355, -4.74723,1992
Azul,41.63354, -4.74714,1993
Azul,41.63349, -4.74667,1994
Azul,41.63334, -4.74523,1995
Azul,41.63326, -4.74454,1996
Azul,41.63326, -4.74447,1997
Azul,41.63319, -4.74425,1998
Azul,41.63311, -4.74354,1999
Azul,41.63308, -4.7433,2000
Azul,41.63305, -4.74306,2001
Azul,41.633, -4.74259,2002
Azul,41.633, -4.74258,2003
Azul,41.63299, -4.74249,2004
Azul,41.63296, -4.74212,2005
Azul,41.63288, -4.74147,2006
Azul,41.63281, -4.74077,2007
Azul,41.63275, -4.74024,2008
Azul,41.63274, -4.7401,2009
Azul,41.63282, -4.74009,2010
Azul,41.63294, -4.74006,2011
Azul,41.6333, -4.74,2012
Azul,41.63349, -4.73997,2013
Azul,41.63378, -4.73993,2014
Azul,41.63393, -4.7399,2015
Azul,41.63396, -4.7399,2016
Azul,41.6345, -4.73979,2017
Azul,41.63518, -4.73967,2018
Azul,41.63526, -4.73965,2019
Azul,41.63539, -4.73961,2020
Azul,41.63547, -4.73959,2021
Azul,41.63561, -4.73954,2022
Azul,41.63575, -4.73949,2023
Azul,41.63671, -4.73918,2024
Azul,41.63729, -4.73898,2025
Azul,41.6374, -4.73894,2026
Azul,41.63759, -4.73888,2027
Azul,41.63762, -4.73887,2028
Azul,41.63772, -4.73883,2029
Azul,41.63787, -4.73877,2030
Azul,41.6381, -4.73868,2031
Azul,41.6383, -4.7386,2032
Azul,41.63875, -4.73842,2033
Azul,41.63881, -4.73839,2034
Azul,41.63898, -4.73832,2035
Azul,41.63922, -4.73823,2036
Azul,41.6399, -4.73795,2037
Azul,41.6402, -4.73784,2038
Azul,41.6405, -4.73772,2039
Azul,41.64076, -4.73761,2040
Azul,41.64083, -4.73759,2041
Azul,41.64109, -4.73746,2042
Azul,41.64111, -4.73745,2043
Azul,41.64159, -4.73726,2044
Azul,41.64169, -4.73722,2045
Azul,41.64187, -4.73714,2046
Azul,41.64191, -4.73712,2047
Azul,41.64209, -4.73703,2048
Azul,41.64229, -4.73692,2049
Azul,41.64269, -4.73662,2050
Azul,41.64279, -4.73651,2051
Azul,41.64284, -4.73645,2052
Azul,41.64301, -4.73623,2053
Azul,41.64347, -4.73564,2054
Azul,41.64388, -4.73511,2055
Azul,41.644, -4.73494,2056
Azul,41.64406, -4.73485,2057
Azul,41.64431, -4.73454,2058
Azul,41.64456, -4.73422,2059
Azul,41.6448, -4.73392,2060
Azul,41.64495, -4.73372,2061
Azul,41.64508, -4.73354,2062
Azul,41.64507, -4.73354,2063
Azul,41.64487, -4.73315,2064
Azul,41.64479, -4.73299,2065
Azul,41.64474, -4.73288,2066
Azul,41.64471, -4.73282,2067
Azul,41.6447, -4.7328,2068
Azul,41.64467, -4.73275,2069
Azul,41.64464, -4.73266,2070
Azul,41.64459, -4.73255,2071
Azul,41.64456, -4.73247,2072
Azul,41.64454, -4.7324,2073
Azul,41.64452, -4.73231,2074
Azul,41.64449, -4.73222,2075
Azul,41.64448, -4.73214,2076
Azul,41.64446, -4.73206,2077
Azul,41.64445, -4.73199,2078
Azul,41.64443, -4.7319,2079
Azul,41.64441, -4.73178,2080
Azul,41.64438, -4.73156,2081
Azul,41.64436, -4.7314,2082
Azul,41.64423, -4.73143,2083
Azul,41.64382, -4.73157,2084
Azul,41.6435, -4.7317,2085
Azul,41.64326, -4.73182,2086
Azul,41.64309, -4.7319,2087
Azul,41.6429, -4.73196,2088
Azul,41.64282, -4.73199,2089
Azul,41.64279, -4.73199,2090
Azul,41.64275, -4.732,2091
Azul,41.64259, -4.73201,2092
Azul,41.64245, -4.73202,2093
Azul,41.64241, -4.73197,2094
Azul,41.64231, -4.73184,2095
Azul,41.6421, -4.73177,2096
Azul,41.64202, -4.73173,2097
Azul,41.64181, -4.73166,2098
Azul,41.64147, -4.73156,2099
Azul,41.64137, -4.73154,2100
Azul,41.641201, -4.731545,2101
Azul,41.64114, -4.7325,2102
Azul,41.641407, -4.732529,2103
Roja,41.641407,-4.7325,1
Roja,41.64114, -4.7325,2
Roja,41.64109, -4.73336,3
Roja,41.64102, -4.73449,4
Roja,41.64094, -4.73583,5
Roja,41.64092, -4.73626,6
Roja,41.64091, -4.73639,7
Roja,41.64091, -4.7364,8
Roja,41.6409, -4.73657,9
Roja,41.64089, -4.73677,10
Roja,41.64086, -4.73711,11
Roja,41.64084, -4.73748,12
Roja,41.64083, -4.73759,13
Roja,41.64083, -4.73769,14
Roja,41.64076, -4.73772,15
Roja,41.64051, -4.73783,16
Roja,41.64022, -4.73795,17
Roja,41.63998, -4.73805,18
Roja,41.63993, -4.73807,19
Roja,41.63926, -4.73833,20
Roja,41.63919, -4.73837,21
Roja,41.63901, -4.73844,22
Roja,41.63884, -4.73851,23
Roja,41.63877, -4.73853,24
Roja,41.63813, -4.73879,25
Roja,41.63789, -4.73888,26
Roja,41.63774, -4.73894,27
Roja,41.63764, -4.73898,28
Roja,41.63761, -4.73899,29
Roja,41.63747, -4.73904,30
Roja,41.63743, -4.73906,31
Roja,41.63731, -4.7391,32
Roja,41.63701, -4.7392,33
Roja,41.63673, -4.73929,34
Roja,41.63658, -4.73934,35
Roja,41.63578, -4.73963,36
Roja,41.63564, -4.73968,37
Roja,41.63549, -4.73973,38
Roja,41.63542, -4.73975,39
Roja,41.63528, -4.73979,40
Roja,41.6352, -4.73981,41
Roja,41.63452, -4.73994,42
Roja,41.63399, -4.74003,43
Roja,41.63395, -4.74004,44
Roja,41.63381, -4.74005,45
Roja,41.6335, -4.74009,46
Roja,41.63334, -4.74012,47
Roja,41.63296, -4.74019,48
Roja,41.63283, -4.74022,49
Roja,41.63289, -4.74076,50
Roja,41.63294, -4.74127,51
Roja,41.63296, -4.74145,52
Roja,41.63304, -4.74211,53
Roja,41.63307, -4.74248,54
Roja,41.63307, -4.74257,55
Roja,41.63316, -4.74329,56
Roja,41.63327, -4.74424,57
Roja,41.63326, -4.74435,58
Roja,41.63326, -4.74447,59
Roja,41.63326, -4.74454,60
Roja,41.63334, -4.74523,61
Roja,41.63349, -4.74667,62
Roja,41.63354, -4.74714,63
Roja,41.63355, -4.74723,64
Roja,41.63357, -4.74742,65
Roja,41.6336, -4.74771,66
Roja,41.63363, -4.74797,67
Roja,41.63365, -4.74816,68
Roja,41.63372, -4.74867,69
Roja,41.63374, -4.74891,70
Roja,41.63376, -4.74905,71
Roja,41.63377, -4.74907,72
Roja,41.63378, -4.74908,73
Roja,41.63379, -4.7491,74
Roja,41.6338, -4.74911,75
Roja,41.6338, -4.74912,76
Roja,41.63391, -4.74939,77
Roja,41.63394, -4.74939,78
Roja,41.63396, -4.7494,79
Roja,41.63399, -4.74941,80
Roja,41.63402, -4.74942,81
Roja,41.63404, -4.74944,82
Roja,41.63407, -4.74946,83
Roja,41.63409, -4.74948,84
Roja,41.63411, -4.74951,85
Roja,41.63411, -4.74952,86
Roja,41.63412, -4.74953,87
Roja,41.63413, -4.74954,88
Roja,41.63413, -4.74955,89
Roja,41.63414, -4.74957,90
Roja,41.63414, -4.74958,91
Roja,41.63414, -4.74959,92
Roja,41.63415, -4.7496,93
Roja,41.63374, -4.74998,94
Roja,41.63367, -4.75007,95
Roja,41.63339, -4.75042,96
Roja,41.63335, -4.75047,97
Roja,41.63326, -4.7506,98
Roja,41.63295, -4.75099,99
Roja,41.63294, -4.751,100
Roja,41.63271, -4.75127,101
Roja,41.63239, -4.75161,102
Roja,41.63217, -4.75181,103
Roja,41.63193, -4.75206,104
Roja,41.63168, -4.7523,105
Roja,41.6314, -4.75258,106
Roja,41.63105, -4.75291,107
Roja,41.63078, -4.75319,108
Roja,41.63052, -4.75346,109
Roja,41.63028, -4.75368,110
Roja,41.63001, -4.75398,111
Roja,41.62976, -4.75426,112
Roja,41.62949, -4.75459,113
Roja,41.62925, -4.75492,114
Roja,41.62908, -4.7552,115
Roja,41.62896, -4.75539,116
Roja,41.62891, -4.75549,117
Roja,41.62884, -4.75564,118
Roja,41.62868, -4.75598,119
Roja,41.62859, -4.75618,120
Roja,41.62846, -4.75651,121
Roja,41.62845, -4.75652,122
Roja,41.62836, -4.75679,123
Roja,41.62816, -4.75737,124
Roja,41.62799, -4.75789,125
Roja,41.62793, -4.75806,126
Roja,41.62781, -4.75844,127
Roja,41.62748, -4.75936,128
Roja,41.62726, -4.76,129
Roja,41.62688, -4.76109,130
Roja,41.62647, -4.76224,131
Roja,41.62617, -4.76312,132
Roja,41.62549, -4.76509,133
Roja,41.62543, -4.76526,134
Roja,41.62524, -4.76584,135
Roja,41.62525, -4.76585,136
Roja,41.62526, -4.76587,137
Roja,41.62527, -4.76589,138
Roja,41.62528, -4.76591,139
Roja,41.62529, -4.76593,140
Roja,41.62529, -4.76595,141
Roja,41.6253, -4.76597,142
Roja,41.62531, -4.76599,143
Roja,41.62531, -4.76602,144
Roja,41.62531, -4.76605,145
Roja,41.62531, -4.76608,146
Roja,41.62531, -4.76611,147
Roja,41.62531, -4.76614,148
Roja,41.6253, -4.76617,149
Roja,41.62529, -4.7662,150
Roja,41.62528, -4.76623,151
Roja,41.6253, -4.76627,152
Roja,41.62531, -4.76629,153
Roja,41.62532, -4.76631,154
Roja,41.62532, -4.76634,155
Roja,41.62532, -4.76636,156
Roja,41.62533, -4.76638,157
Roja,41.62532, -4.76641,158
Roja,41.62532, -4.76642,159
Roja,41.62539, -4.76659,160
Roja,41.62551, -4.76675,161
Roja,41.62577, -4.76709,162
Roja,41.62589, -4.76724,163
Roja,41.62598, -4.76737,164
Roja,41.62614, -4.76755,165
Roja,41.6265, -4.76804,166
Roja,41.627, -4.7688,167
Roja,41.62717, -4.76904,168
Roja,41.62718, -4.76905,169
Roja,41.62731, -4.76923,170
Roja,41.62752, -4.76958,171
Roja,41.6278, -4.76982,172
Roja,41.62799, -4.76998,173
Roja,41.62808, -4.77004,174
Roja,41.62808, -4.77005,175
Roja,41.62816, -4.77012,176
Roja,41.62832, -4.77027,177
Roja,41.62834, -4.77028,178
Roja,41.62859, -4.77049,179
Roja,41.62861, -4.77051,180
Roja,41.62858, -4.7706,181
Roja,41.62851, -4.77136,182
Roja,41.62842, -4.77208,183
Roja,41.62836, -4.77278,184
Roja,41.62836, -4.77286,185
Roja,41.62833, -4.77344,186
Roja,41.62827, -4.77417,187
Roja,41.62821, -4.7748,188
Roja,41.62819, -4.77497,189
Roja,41.62818, -4.77513,190
Roja,41.62816, -4.77551,191
Roja,41.62815, -4.77563,192
Roja,41.62814, -4.7759,193
Roja,41.62793, -4.77587,194
Roja,41.62771, -4.77584,195
Roja,41.62735, -4.7758,196
Roja,41.62709, -4.77575,197
Roja,41.62691, -4.77573,198
Roja,41.62685, -4.77572,199
Roja,41.62649, -4.77568,200
Roja,41.62647, -4.77568,201
Roja,41.62635, -4.77567,202
Roja,41.62636, -4.77532,203
Roja,41.62639, -4.77488,204
Roja,41.6264, -4.77471,205
Roja,41.62641, -4.77458,206
Roja,41.6264, -4.77455,207
Roja,41.6264, -4.77452,208
Roja,41.62636, -4.77429,209
Roja,41.62634, -4.77408,210
Roja,41.62632, -4.77392,211
Roja,41.62626, -4.77391,212
Roja,41.62597, -4.77388,213
Roja,41.62591, -4.77387,214
Roja,41.62567, -4.77385,215
Roja,41.62551, -4.77383,216
Roja,41.62548, -4.77401,217
Roja,41.62543, -4.7744,218
Roja,41.62538, -4.77478,219
Roja,41.62538, -4.77481,220
Roja,41.62534, -4.77511,221
Roja,41.62531, -4.77529,222
Roja,41.62528, -4.77537,223
Roja,41.62517, -4.77574,224
Roja,41.62508, -4.776,225
Roja,41.62506, -4.77611,226
Roja,41.62506, -4.77612,227
Roja,41.62509, -4.77614,228
Roja,41.62511, -4.77617,229
Roja,41.62512, -4.7762,230
Roja,41.62513, -4.77624,231
Roja,41.62514, -4.77628,232
Roja,41.62514, -4.77632,233
Roja,41.62514, -4.77636,234
Roja,41.62513, -4.7764,235
Roja,41.62511, -4.77644,236
Roja,41.62509, -4.77647,237
Roja,41.62507, -4.77649,238
Roja,41.62504, -4.77651,239
Roja,41.62502, -4.77653,240
Roja,41.62499, -4.77654,241
Roja,41.62496, -4.77654,242
Roja,41.62493, -4.77653,243
Roja,41.62483, -4.77682,244
Roja,41.62469, -4.77726,245
Roja,41.62457, -4.77758,246
Roja,41.6245, -4.7778,247
Roja,41.62442, -4.77801,248
Roja,41.6242, -4.77855,249
Roja,41.62412, -4.77876,250
Roja,41.62403, -4.77902,251
Roja,41.62394, -4.77937,252
Roja,41.62388, -4.7796,253
Roja,41.62389, -4.77961,254
Roja,41.6239, -4.77963,255
Roja,41.62391, -4.77964,256
Roja,41.62392, -4.77966,257
Roja,41.62392, -4.77968,258
Roja,41.62393, -4.7797,259
Roja,41.62393, -4.77972,260
Roja,41.62394, -4.77974,261
Roja,41.62394, -4.77975,262
Roja,41.62394, -4.77977,263
Roja,41.62394, -4.77979,264
Roja,41.62394, -4.77981,265
Roja,41.62393, -4.77983,266
Roja,41.62393, -4.77985,267
Roja,41.62392, -4.77987,268
Roja,41.62392, -4.77989,269
Roja,41.62391, -4.7799,270
Roja,41.6239, -4.77992,271
Roja,41.62389, -4.77993,272
Roja,41.62388, -4.77995,273
Roja,41.62387, -4.77996,274
Roja,41.62386, -4.77997,275
Roja,41.62384, -4.77998,276
Roja,41.62383, -4.77998,277
Roja,41.62382, -4.77999,278
Roja,41.6238, -4.77999,279
Roja,41.62379, -4.77999,280
Roja,41.62377, -4.77999,281
Roja,41.62376, -4.77999,282
Roja,41.62374, -4.77999,283
Roja,41.62362, -4.78027,284
Roja,41.62339, -4.78092,285
Roja,41.62316, -4.78157,286
Roja,41.6231, -4.78176,287
Roja,41.62295, -4.78225,288
Roja,41.6228, -4.78268,289
Roja,41.62273, -4.78288,290
Roja,41.62266, -4.78307,291
Roja,41.62263, -4.78317,292
Roja,41.62261, -4.78322,293
Roja,41.62261, -4.78323,294
Roja,41.62256, -4.78339,295
Roja,41.62252, -4.78353,296
Roja,41.6225, -4.78358,297
Roja,41.62245, -4.78374,298
Roja,41.62237, -4.78398,299
Roja,41.62236, -4.784,300
Roja,41.62232, -4.78412,301
Roja,41.6222, -4.78449,302
Roja,41.62201, -4.78505,303
Roja,41.62197, -4.78516,304
Roja,41.62193, -4.78526,305
Roja,41.62181, -4.78556,306
Roja,41.62176, -4.78569,307
Roja,41.62165, -4.78607,308
Roja,41.62115, -4.7875,309
Roja,41.62088, -4.78828,310
Roja,41.62076, -4.78862,311
Roja,41.62068, -4.78883,312
Roja,41.6206, -4.78904,313
Roja,41.62045, -4.78948,314
Roja,41.62037, -4.78971,315
Roja,41.62034, -4.78979,316
Roja,41.62032, -4.78985,317
Roja,41.62027, -4.79,318
Roja,41.62026, -4.79001,319
Roja,41.62019, -4.79023,320
Roja,41.62014, -4.79037,321
Roja,41.62006, -4.79059,322
Roja,41.61999, -4.7908,323
Roja,41.61991, -4.79102,324
Roja,41.61984, -4.79124,325
Roja,41.61983, -4.79126,326
Roja,41.61959, -4.79194,327
Roja,41.61923, -4.793,328
Roja,41.61918, -4.79314,329
Roja,41.61908, -4.79344,330
Roja,41.619, -4.79366,331
Roja,41.61896, -4.79376,332
Roja,41.61893, -4.79386,333
Roja,41.6189, -4.79395,334
Roja,41.61822, -4.79588,335
Roja,41.61813, -4.79615,336
Roja,41.6181, -4.79622,337
Roja,41.61811, -4.79623,338
Roja,41.61811, -4.79624,339
Roja,41.61812, -4.79625,340
Roja,41.61813, -4.79626,341
Roja,41.61813, -4.79627,342
Roja,41.61814, -4.79628,343
Roja,41.61814, -4.79629,344
Roja,41.61815, -4.7963,345
Roja,41.61815, -4.79632,346
Roja,41.61815, -4.79633,347
Roja,41.61815, -4.79634,348
Roja,41.61815, -4.79635,349
Roja,41.61869, -4.79634,350
Roja,41.61964, -4.79632,351
Roja,41.61983, -4.79632,352
Roja,41.62017, -4.7963,353
Roja,41.62037, -4.79627,354
Roja,41.6205, -4.79624,355
Roja,41.6206, -4.7962,356
Roja,41.62069, -4.79617,357
Roja,41.62085, -4.79609,358
Roja,41.62101, -4.79598,359
Roja,41.62102, -4.79598,360
Roja,41.62127, -4.79582,361
Roja,41.62134, -4.79578,362
Roja,41.62147, -4.79571,363
Roja,41.62167, -4.79564,364
Roja,41.62186, -4.79561,365
Roja,41.62191, -4.7956,366
Roja,41.62204, -4.7956,367
Roja,41.62211, -4.79562,368
Roja,41.62211, -4.7956,369
Roja,41.62212, -4.79559,370
Roja,41.62212, -4.79558,371
Roja,41.62213, -4.79557,372
Roja,41.62214, -4.79556,373
Roja,41.62215, -4.79555,374
Roja,41.62215, -4.79554,375
Roja,41.62216, -4.79554,376
Roja,41.62217, -4.79553,377
Roja,41.62218, -4.79553,378
Roja,41.62219, -4.79552,379
Roja,41.6222, -4.79552,380
Roja,41.62221, -4.79551,381
Roja,41.62222, -4.79551,382
Roja,41.62223, -4.79551,383
Roja,41.62224, -4.79551,384
Roja,41.62225, -4.79551,385
Roja,41.62226, -4.79551,386
Roja,41.62227, -4.79551,387
Roja,41.62228, -4.79551,388
Roja,41.62228, -4.79552,389
Roja,41.62229, -4.79552,390
Roja,41.6223, -4.79553,391
Roja,41.62231, -4.79553,392
Roja,41.62232, -4.79554,393
Roja,41.62233, -4.79555,394
Roja,41.62233, -4.79556,395
Roja,41.62234, -4.79557,396
Roja,41.62235, -4.79557,397
Roja,41.62235, -4.79558,398
Roja,41.62236, -4.7956,399
Roja,41.62237, -4.79561,400
Roja,41.62237, -4.79562,401
Roja,41.62237, -4.79563,402
Roja,41.62238, -4.79564,403
Roja,41.62238, -4.79566,404
Roja,41.62238, -4.79567,405
Roja,41.62238, -4.79568,406
Roja,41.62238, -4.79569,407
Roja,41.62238, -4.79571,408
Roja,41.62238, -4.79572,409
Roja,41.62238, -4.79573,410
Roja,41.62256, -4.7958,411
Roja,41.62265, -4.79583,412
Roja,41.62321, -4.79604,413
Roja,41.6236, -4.79614,414
Roja,41.62378, -4.79619,415
Roja,41.62385, -4.79621,416
Roja,41.62428, -4.79631,417
Roja,41.62449, -4.79629,418
Roja,41.62467, -4.79627,419
Roja,41.62468, -4.79627,420
Roja,41.62526, -4.79603,421
Roja,41.62536, -4.79597,422
Roja,41.62597, -4.79548,423
Roja,41.62613, -4.79536,424
Roja,41.62614, -4.79535,425
Roja,41.62628, -4.79523,426
Roja,41.62658, -4.79496,427
Roja,41.62665, -4.79489,428
Roja,41.62672, -4.79482,429
Roja,41.6271, -4.79447,430
Roja,41.6276, -4.79398,431
Roja,41.62775, -4.79382,432
Roja,41.62824, -4.79341,433
Roja,41.62851, -4.7932,434
Roja,41.62866, -4.79307,435
Roja,41.6288, -4.79297,436
Roja,41.62897, -4.79284,437
Roja,41.62907, -4.79276,438
Roja,41.62913, -4.79272,439
Roja,41.62926, -4.79263,440
Roja,41.62937, -4.79255,441
Roja,41.62946, -4.79252,442
Roja,41.62954, -4.79247,443
Roja,41.62977, -4.79239,444
Roja,41.62996, -4.7923,445
Roja,41.63014, -4.79223,446
Roja,41.63019, -4.79221,447
Roja,41.6303, -4.79216,448
Roja,41.63031, -4.79215,449
Roja,41.63053, -4.79204,450
Roja,41.6306, -4.79199,451
Roja,41.63074, -4.79188,452
Roja,41.63084, -4.79177,453
Roja,41.63092, -4.79168,454
Roja,41.63095, -4.79164,455
Roja,41.63094, -4.79162,456
Roja,41.63093, -4.79161,457
Roja,41.63092, -4.79159,458
Roja,41.63092, -4.79158,459
Roja,41.63091, -4.79156,460
Roja,41.63091, -4.79155,461
Roja,41.6309, -4.79153,462
Roja,41.6309, -4.79151,463
Roja,41.6309, -4.79146,464
Roja,41.6309, -4.79141,465
Roja,41.6309, -4.79136,466
Roja,41.63091, -4.79131,467
Roja,41.63093, -4.79126,468
Roja,41.63095, -4.79121,469
Roja,41.63097, -4.79117,470
Roja,41.631, -4.79113,471
Roja,41.63103, -4.7911,472
Roja,41.63101, -4.7909,473
Roja,41.63099, -4.79081,474
Roja,41.6309, -4.7904,475
Roja,41.63065, -4.78937,476
Roja,41.63063, -4.78937,477
Roja,41.63062, -4.78937,478
Roja,41.6306, -4.78937,479
Roja,41.63058, -4.78936,480
Roja,41.63057, -4.78936,481
Roja,41.63055, -4.78935,482
Roja,41.63053, -4.78934,483
Roja,41.63052, -4.78932,484
Roja,41.63051, -4.78931,485
Roja,41.63049, -4.7893,486
Roja,41.63048, -4.78928,487
Roja,41.63047, -4.78926,488
Roja,41.63046, -4.78924,489
Roja,41.63046, -4.78922,490
Roja,41.63045, -4.7892,491
Roja,41.63044, -4.78918,492
Roja,41.63044, -4.78915,493
Roja,41.63044, -4.78913,494
Roja,41.63044, -4.78911,495
Roja,41.63044, -4.78907,496
Roja,41.63044, -4.78904,497
Roja,41.63045, -4.78902,498
Roja,41.63046, -4.789,499
Roja,41.63046, -4.78898,500
Roja,41.63047, -4.78896,501
Roja,41.63048, -4.78894,502
Roja,41.6305, -4.78892,503
Roja,41.63051, -4.78891,504
Roja,41.63052, -4.78889,505
Roja,41.63054, -4.78888,506
Roja,41.63055, -4.78887,507
Roja,41.63057, -4.78886,508
Roja,41.63058, -4.78886,509
Roja,41.6306, -4.78885,510
Roja,41.63062, -4.78885,511
Roja,41.63064, -4.78885,512
Roja,41.63065, -4.78885,513
Roja,41.63067, -4.78885,514
Roja,41.63068, -4.78886,515
Roja,41.63085, -4.788,516
Roja,41.63103, -4.78704,517
Roja,41.63102, -4.78702,518
Roja,41.63101, -4.78701,519
Roja,41.631, -4.787,520
Roja,41.63099, -4.78698,521
Roja,41.63098, -4.78696,522
Roja,41.63097, -4.78695,523
Roja,41.63096, -4.78693,524
Roja,41.63096, -4.78691,525
Roja,41.63095, -4.78689,526
Roja,41.63095, -4.78687,527
Roja,41.63095, -4.78685,528
Roja,41.63095, -4.78683,529
Roja,41.63095, -4.78681,530
Roja,41.63095, -4.78677,531
Roja,41.63096, -4.78675,532
Roja,41.63096, -4.78673,533
Roja,41.63097, -4.78672,534
Roja,41.63098, -4.7867,535
Roja,41.63098, -4.78668,536
Roja,41.63099, -4.78666,537
Roja,41.631, -4.78665,538
Roja,41.63102, -4.78664,539
Roja,41.63103, -4.78662,540
Roja,41.63104, -4.78661,541
Roja,41.63105, -4.7866,542
Roja,41.63107, -4.7866,543
Roja,41.63108, -4.78659,544
Roja,41.6311, -4.78658,545
Roja,41.63111, -4.78658,546
Roja,41.63113, -4.78658,547
Roja,41.63114, -4.78658,548
Roja,41.63116, -4.78658,549
Roja,41.63117, -4.78659,550
Roja,41.63119, -4.78659,551
Roja,41.63121, -4.7866,552
Roja,41.63122, -4.78661,553
Roja,41.63124, -4.78662,554
Roja,41.63125, -4.78663,555
Roja,41.63126, -4.78665,556
Roja,41.63127, -4.78666,557
Roja,41.63128, -4.78668,558
Roja,41.63129, -4.78669,559
Roja,41.6313, -4.78671,560
Roja,41.6313, -4.78673,561
Roja,41.63131, -4.78675,562
Roja,41.63131, -4.78677,563
Roja,41.63132, -4.78679,564
Roja,41.63132, -4.78681,565
Roja,41.63132, -4.78683,566
Roja,41.63132, -4.78685,567
Roja,41.63132, -4.78687,568
Roja,41.63131, -4.78689,569
Roja,41.63131, -4.78691,570
Roja,41.6313, -4.78694,571
Roja,41.63129, -4.78696,572
Roja,41.63128, -4.78698,573
Roja,41.63127, -4.78699,574
Roja,41.63126, -4.78701,575
Roja,41.63125, -4.78702,576
Roja,41.63124, -4.78703,577
Roja,41.63122, -4.78705,578
Roja,41.63121, -4.78705,579
Roja,41.6312, -4.78706,580
Roja,41.63118, -4.78707,581
Roja,41.63117, -4.78707,582
Roja,41.63115, -4.78708,583
Roja,41.63114, -4.78708,584
Roja,41.63112, -4.78708,585
Roja,41.63075, -4.7889,586
Roja,41.63078, -4.78893,587
Roja,41.63079, -4.78895,588
Roja,41.6308, -4.78897,589
Roja,41.63081, -4.78898,590
Roja,41.63081, -4.78901,591
Roja,41.63082, -4.78903,592
Roja,41.63083, -4.78905,593
Roja,41.63083, -4.78907,594
Roja,41.63083, -4.78909,595
Roja,41.63083, -4.78912,596
Roja,41.63083, -4.78915,597
Roja,41.63083, -4.78917,598
Roja,41.63082, -4.78919,599
Roja,41.63082, -4.78921,600
Roja,41.63081, -4.78923,601
Roja,41.6308, -4.78925,602
Roja,41.63079, -4.78927,603
Roja,41.63078, -4.78929,604
Roja,41.63077, -4.7893,605
Roja,41.63075, -4.78932,606
Roja,41.63074, -4.78933,607
Roja,41.63092, -4.79014,608
Roja,41.63107, -4.79082,609
Roja,41.63107, -4.79083,610
Roja,41.63109, -4.79091,611
Roja,41.63116, -4.79104,612
Roja,41.63119, -4.79104,613
Roja,41.63121, -4.79104,614
Roja,41.63124, -4.79105,615
Roja,41.63127, -4.79105,616
Roja,41.63129, -4.79107,617
Roja,41.63132, -4.79108,618
Roja,41.63134, -4.7911,619
Roja,41.63137, -4.79112,620
Roja,41.63138, -4.79114,621
Roja,41.6314, -4.79116,622
Roja,41.63141, -4.79118,623
Roja,41.63142, -4.7912,624
Roja,41.63143, -4.79122,625
Roja,41.63144, -4.79125,626
Roja,41.63145, -4.79127,627
Roja,41.63146, -4.79129,628
Roja,41.63147, -4.79135,629
Roja,41.63147, -4.7914,630
Roja,41.63147, -4.79145,631
Roja,41.63147, -4.7915,632
Roja,41.63146, -4.79155,633
Roja,41.63144, -4.7916,634
Roja,41.63142, -4.79164,635
Roja,41.6314, -4.79168,636
Roja,41.63137, -4.79172,637
Roja,41.63134, -4.79175,638
Roja,41.6313, -4.79177,639
Roja,41.63126, -4.79179,640
Roja,41.63123, -4.7918,641
Roja,41.63119, -4.7918,642
Roja,41.63115, -4.7918,643
Roja,41.63111, -4.79179,644
Roja,41.63106, -4.79177,645
Roja,41.63074, -4.792,646
Roja,41.63055, -4.79213,647
Roja,41.63045, -4.79218,648
Roja,41.63041, -4.7922,649
Roja,41.63007, -4.79236,650
Roja,41.62992, -4.79244,651
Roja,41.62956, -4.79262,652
Roja,41.6294, -4.7927,653
Roja,41.62927, -4.79277,654
Roja,41.62923, -4.7928,655
Roja,41.62907, -4.7929,656
Roja,41.62894, -4.79299,657
Roja,41.62861, -4.79324,658
Roja,41.62845, -4.79339,659
Roja,41.62838, -4.79345,660
Roja,41.62784, -4.7939,661
Roja,41.6278, -4.79394,662
Roja,41.62741, -4.7943,663
Roja,41.62701, -4.79469,664
Roja,41.62681, -4.79488,665
Roja,41.62666, -4.79502,666
Roja,41.62652, -4.79514,667
Roja,41.62652, -4.79515,668
Roja,41.62636, -4.79527,669
Roja,41.62623, -4.79539,670
Roja,41.62606, -4.79553,671
Roja,41.62594, -4.79564,672
Roja,41.62578, -4.79577,673
Roja,41.62561, -4.79592,674
Roja,41.62534, -4.79612,675
Roja,41.6251, -4.79627,676
Roja,41.62491, -4.79636,677
Roja,41.62481, -4.79639,678
Roja,41.62471, -4.79641,679
Roja,41.62463, -4.79642,680
Roja,41.62457, -4.79643,681
Roja,41.62445, -4.79642,682
Roja,41.62439, -4.79641,683
Roja,41.62403, -4.79639,684
Roja,41.62362, -4.79627,685
Roja,41.62357, -4.79625,686
Roja,41.62323, -4.79616,687
Roja,41.62316, -4.79615,688
Roja,41.62261, -4.79592,689
Roja,41.62259, -4.79591,690
Roja,41.62235, -4.79584,691
Roja,41.62233, -4.79586,692
Roja,41.62232, -4.79587,693
Roja,41.62231, -4.79587,694
Roja,41.6223, -4.79588,695
Roja,41.62229, -4.79589,696
Roja,41.62228, -4.79589,697
Roja,41.62227, -4.7959,698
Roja,41.62226, -4.7959,699
Roja,41.62225, -4.7959,700
Roja,41.62224, -4.7959,701
Roja,41.62223, -4.7959,702
Roja,41.62222, -4.7959,703
Roja,41.62221, -4.7959,704
Roja,41.6222, -4.79589,705
Roja,41.62219, -4.79589,706
Roja,41.62218, -4.79589,707
Roja,41.62217, -4.79588,708
Roja,41.62207, -4.79608,709
Roja,41.62201, -4.79618,710
Roja,41.62192, -4.79642,711
Roja,41.6219, -4.7965,712
Roja,41.62187, -4.7966,713
Roja,41.62184, -4.79673,714
Roja,41.62183, -4.79678,715
Roja,41.6218, -4.79696,716
Roja,41.6218, -4.79697,717
Roja,41.62179, -4.79723,718
Roja,41.6218, -4.79744,719
Roja,41.62181, -4.79747,720
Roja,41.62185, -4.79778,721
Roja,41.62185, -4.79783,722
Roja,41.62191, -4.79812,723
Roja,41.62194, -4.79832,724
Roja,41.62194, -4.79838,725
Roja,41.62194, -4.79855,726
Roja,41.62194, -4.79863,727
Roja,41.62194, -4.7987,728
Roja,41.62191, -4.79895,729
Roja,41.62187, -4.79909,730
Roja,41.62182, -4.79925,731
Roja,41.6218, -4.79931,732
Roja,41.62165, -4.79962,733
Roja,41.62143, -4.7999,734
Roja,41.62129, -4.80005,735
Roja,41.62093, -4.80044,736
Roja,41.62035, -4.80104,737
Roja,41.62017, -4.80122,738
Roja,41.62036, -4.80152,739
Roja,41.62047, -4.80169,740
Roja,41.62054, -4.80179,741
Roja,41.62061, -4.80187,742
Roja,41.62063, -4.80186,743
Roja,41.62064, -4.80186,744
Roja,41.62065, -4.80186,745
Roja,41.62066, -4.80187,746
Roja,41.62067, -4.80187,747
Roja,41.62069, -4.80187,748
Roja,41.6207, -4.80188,749
Roja,41.62071, -4.80188,750
Roja,41.62072, -4.80189,751
Roja,41.62073, -4.80189,752
Roja,41.62074, -4.8019,753
Roja,41.62075, -4.80191,754
Roja,41.62075, -4.80192,755
Roja,41.62076, -4.80193,756
Roja,41.62077, -4.80195,757
Roja,41.62078, -4.80196,758
Roja,41.62078, -4.80197,759
Roja,41.62079, -4.80199,760
Roja,41.62079, -4.802,761
Roja,41.6208, -4.80202,762
Roja,41.6208, -4.80203,763
Roja,41.6208, -4.80205,764
Roja,41.6208, -4.80206,765
Roja,41.62081, -4.80208,766
Roja,41.62081, -4.80209,767
Roja,41.6208, -4.80211,768
Roja,41.6208, -4.80212,769
Roja,41.6208, -4.80213,770
Roja,41.6208, -4.80214,771
Roja,41.6208, -4.80215,772
Roja,41.62079, -4.80217,773
Roja,41.62079, -4.80218,774
Roja,41.62078, -4.80219,775
Roja,41.6208, -4.80224,776
Roja,41.62082, -4.80227,777
Roja,41.62084, -4.80235,778
Roja,41.62132, -4.80321,779
Roja,41.62172, -4.80388,780
Roja,41.62199, -4.80438,781
Roja,41.6222, -4.80476,782
Roja,41.62222, -4.80475,783
Roja,41.62223, -4.80474,784
Roja,41.62224, -4.80474,785
Roja,41.62225, -4.80473,786
Roja,41.62226, -4.80473,787
Roja,41.62227, -4.80473,788
Roja,41.62228, -4.80473,789
Roja,41.62229, -4.80473,790
Roja,41.6223, -4.80473,791
Roja,41.62231, -4.80473,792
Roja,41.62232, -4.80474,793
Roja,41.62233, -4.80474,794
Roja,41.62234, -4.80475,795
Roja,41.62235, -4.80475,796
Roja,41.62236, -4.80476,797
Roja,41.62237, -4.80477,798
Roja,41.62238, -4.80477,799
Roja,41.62238, -4.80478,800
Roja,41.62239, -4.80479,801
Roja,41.6224, -4.8048,802
Roja,41.6224, -4.80481,803
Roja,41.62241, -4.80483,804
Roja,41.62242, -4.80484,805
Roja,41.62242, -4.80485,806
Roja,41.62242, -4.80487,807
Roja,41.62243, -4.80488,808
Roja,41.62243, -4.80489,809
Roja,41.62243, -4.80491,810
Roja,41.62243, -4.80492,811
Roja,41.62243, -4.80493,812
Roja,41.62243, -4.80495,813
Roja,41.62243, -4.80496,814
Roja,41.62243, -4.80498,815
Roja,41.62243, -4.80499,816
Roja,41.62242, -4.805,817
Roja,41.62242, -4.80502,818
Roja,41.62242, -4.80503,819
Roja,41.62241, -4.80504,820
Roja,41.62241, -4.80505,821
Roja,41.6224, -4.80506,822
Roja,41.62239, -4.80507,823
Roja,41.62239, -4.80508,824
Roja,41.62238, -4.80509,825
Roja,41.62237, -4.8051,826
Roja,41.62236, -4.80511,827
Roja,41.62235, -4.80512,828
Roja,41.62234, -4.80512,829
Roja,41.62233, -4.80513,830
Roja,41.62232, -4.80513,831
Roja,41.62231, -4.80513,832
Roja,41.6223, -4.80514,833
Roja,41.62229, -4.80514,834
Roja,41.62228, -4.80514,835
Roja,41.62227, -4.80514,836
Roja,41.62226, -4.80514,837
Roja,41.62225, -4.80513,838
Roja,41.62224, -4.80513,839
Roja,41.62223, -4.80513,840
Roja,41.62222, -4.80512,841
Roja,41.62221, -4.80512,842
Roja,41.6222, -4.80511,843
Roja,41.6222, -4.8051,844
Roja,41.62218, -4.80509,845
Roja,41.62209, -4.80526,846
Roja,41.62199, -4.80545,847
Roja,41.62188, -4.80565,848
Roja,41.62167, -4.80604,849
Roja,41.62148, -4.80639,850
Roja,41.62146, -4.80643,851
Roja,41.62139, -4.80654,852
Roja,41.62133, -4.80665,853
Roja,41.62123, -4.80683,854
Roja,41.62069, -4.80774,855
Roja,41.62056, -4.80798,856
Roja,41.62037, -4.8083,857
Roja,41.62038, -4.80831,858
Roja,41.62039, -4.80831,859
Roja,41.62039, -4.80833,860
Roja,41.6204, -4.80833,861
Roja,41.6204, -4.80835,862
Roja,41.62041, -4.80836,863
Roja,41.62041, -4.80837,864
Roja,41.62042, -4.80838,865
Roja,41.62042, -4.80839,866
Roja,41.62043, -4.8084,867
Roja,41.62043, -4.80842,868
Roja,41.62043, -4.80843,869
Roja,41.62043, -4.80844,870
Roja,41.62043, -4.80845,871
Roja,41.62043, -4.80847,872
Roja,41.62043, -4.80848,873
Roja,41.62043, -4.80849,874
Roja,41.62043, -4.80851,875
Roja,41.62043, -4.80852,876
Roja,41.62042, -4.80853,877
Roja,41.62042, -4.80854,878
Roja,41.62042, -4.80855,879
Roja,41.62041, -4.80857,880
Roja,41.6207, -4.80886,881
Roja,41.62083, -4.80899,882
Roja,41.62103, -4.80919,883
Roja,41.62136, -4.80954,884
Roja,41.62171, -4.80987,885
Roja,41.62231, -4.8105,886
Roja,41.62232, -4.81051,887
Roja,41.62221, -4.8107,888
Roja,41.62181, -4.81143,889
Roja,41.62162, -4.81172,890
Roja,41.62157, -4.81178,891
Roja,41.62145, -4.81195,892
Roja,41.62141, -4.81193,893
Roja,41.62136, -4.81191,894
Roja,41.62132, -4.8119,895
Roja,41.62127, -4.8119,896
Roja,41.62122, -4.8119,897
Roja,41.62119, -4.81192,898
Roja,41.62116, -4.81193,899
Roja,41.62112, -4.81195,900
Roja,41.62104, -4.81202,901
Roja,41.62098, -4.81208,902
Roja,41.62097, -4.8121,903
Roja,41.62095, -4.81212,904
Roja,41.62092, -4.81217,905
Roja,41.62085, -4.81229,906
Roja,41.62083, -4.81232,907
Roja,41.62072, -4.81252,908
Roja,41.62069, -4.81258,909
Roja,41.62063, -4.81272,910
Roja,41.62061, -4.81275,911
Roja,41.62057, -4.81287,912
Roja,41.6205, -4.81306,913
Roja,41.62047, -4.81315,914
Roja,41.62045, -4.8132,915
Roja,41.6204, -4.81341,916
Roja,41.62037, -4.81358,917
Roja,41.62034, -4.8137,918
Roja,41.62031, -4.81377,919
Roja,41.62028, -4.81385,920
Roja,41.62024, -4.81395,921
Roja,41.62021, -4.81401,922
Roja,41.62008, -4.81422,923
Roja,41.62005, -4.81429,924
Roja,41.61997, -4.8144,925
Roja,41.61973, -4.81476,926
Roja,41.61958, -4.81447,927
Roja,41.61956, -4.81444,928
Roja,41.61935, -4.814,929
Roja,41.61897, -4.81318,930
Roja,41.61889, -4.81296,931
Roja,41.61874, -4.81252,932
Roja,41.61855, -4.81193,933
Roja,41.61854, -4.81194,934
Roja,41.61853, -4.81195,935
Roja,41.61851, -4.81195,936
Roja,41.6185, -4.81196,937
Roja,41.61849, -4.81196,938
Roja,41.61847, -4.81196,939
Roja,41.61846, -4.81197,940
Roja,41.61845, -4.81196,941
Roja,41.61843, -4.81196,942
Roja,41.61842, -4.81196,943
Roja,41.61841, -4.81195,944
Roja,41.6184, -4.81195,945
Roja,41.61839, -4.81194,946
Roja,41.61837, -4.81193,947
Roja,41.61836, -4.81193,948
Roja,41.61835, -4.81191,949
Roja,41.61828, -4.81205,950
Roja,41.61814, -4.8123,951
Roja,41.61808, -4.81245,952
Roja,41.61806, -4.81277,953
Roja,41.61807, -4.81279,954
Roja,41.61807, -4.81281,955
Roja,41.61808, -4.81282,956
Roja,41.61808, -4.81284,957
Roja,41.61808, -4.81286,958
Roja,41.61808, -4.81288,959
Roja,41.61808, -4.81289,960
Roja,41.61808, -4.81291,961
Roja,41.61808, -4.81293,962
Roja,41.61807, -4.81294,963
Roja,41.61807, -4.81296,964
Roja,41.61806, -4.81298,965
Roja,41.61806, -4.81299,966
Roja,41.61805, -4.81301,967
Roja,41.61804, -4.81302,968
Roja,41.61803, -4.81304,969
Roja,41.61803, -4.81305,970
Roja,41.61802, -4.81306,971
Roja,41.61801, -4.81307,972
Roja,41.61799, -4.81308,973
Roja,41.61798, -4.81308,974
Roja,41.61797, -4.81309,975
Roja,41.61796, -4.8131,976
Roja,41.61795, -4.8131,977
Roja,41.61793, -4.81311,978
Roja,41.61791, -4.81311,979
Roja,41.6179, -4.81311,980
Roja,41.61789, -4.8131,981
Roja,41.61787, -4.8131,982
Roja,41.61786, -4.8131,983
Roja,41.61785, -4.81309,984
Roja,41.61784, -4.81308,985
Roja,41.61783, -4.81308,986
Roja,41.61781, -4.81307,987
Roja,41.61779, -4.81305,988
Roja,41.61778, -4.81303,989
Roja,41.61777, -4.81301,990
Roja,41.61777, -4.813,991
Roja,41.61776, -4.81298,992
Roja,41.61775, -4.81297,993
Roja,41.61775, -4.81295,994
Roja,41.61774, -4.81293,995
Roja,41.61774, -4.81292,996
Roja,41.61774, -4.81289,997
Roja,41.61774, -4.81287,998
Roja,41.61774, -4.81286,999
Roja,41.61774, -4.81284,1000
Roja,41.61774, -4.81282,1001
Roja,41.61775, -4.81281,1002
Roja,41.61775, -4.81279,1003
Roja,41.61776, -4.81277,1004
Roja,41.6177, -4.81251,1005
Roja,41.6177, -4.8125,1006
Roja,41.61764, -4.81227,1007
Roja,41.61763, -4.81224,1008
Roja,41.61756, -4.81205,1009
Roja,41.61749, -4.81183,1010
Roja,41.6172, -4.81095,1011
Roja,41.61665, -4.80938,1012
Roja,41.61656, -4.80913,1013
Roja,41.61641, -4.8087,1014
Roja,41.61622, -4.80813,1015
Roja,41.61591, -4.80715,1016
Roja,41.61558, -4.80612,1017
Roja,41.61547, -4.80579,1018
Roja,41.61547, -4.80578,1019
Roja,41.61536, -4.80549,1020
Roja,41.6153, -4.80536,1021
Roja,41.61522, -4.80524,1022
Roja,41.61514, -4.80526,1023
Roja,41.61508, -4.80527,1024
Roja,41.61503, -4.80526,1025
Roja,41.61498, -4.80524,1026
Roja,41.61493, -4.80521,1027
Roja,41.61489, -4.80518,1028
Roja,41.61489, -4.80517,1029
Roja,41.61485, -4.80513,1030
Roja,41.61481, -4.80507,1031
Roja,41.61479, -4.80501,1032
Roja,41.61477, -4.80495,1033
Roja,41.61476, -4.80488,1034
Roja,41.61475, -4.80481,1035
Roja,41.61475, -4.80474,1036
Roja,41.61477, -4.80467,1037
Roja,41.61479, -4.8046,1038
Roja,41.61481, -4.80454,1039
Roja,41.61482, -4.80453,1040
Roja,41.61485, -4.80449,1041
Roja,41.61489, -4.80444,1042
Roja,41.6149, -4.80443,1043
Roja,41.61491, -4.80442,1044
Roja,41.61492, -4.80441,1045
Roja,41.61493, -4.8044,1046
Roja,41.61495, -4.80439,1047
Roja,41.61496, -4.80438,1048
Roja,41.61497, -4.80438,1049
Roja,41.61498, -4.80437,1050
Roja,41.61504, -4.80435,1051
Roja,41.61509, -4.80434,1052
Roja,41.61514, -4.80435,1053
Roja,41.61519, -4.80436,1054
Roja,41.61524, -4.80439,1055
Roja,41.61529, -4.80442,1056
Roja,41.61531, -4.80445,1057
Roja,41.61535, -4.80439,1058
Roja,41.61574, -4.80389,1059
Roja,41.61585, -4.80374,1060
Roja,41.6159, -4.80369,1061
Roja,41.61629, -4.80319,1062
Roja,41.61642, -4.80303,1063
Roja,41.61654, -4.80286,1064
Roja,41.61707, -4.8022,1065
Roja,41.61721, -4.80201,1066
Roja,41.6176, -4.80151,1067
Roja,41.61773, -4.80134,1068
Roja,41.61819, -4.80077,1069
Roja,41.61841, -4.80049,1070
Roja,41.61892, -4.79985,1071
Roja,41.61905, -4.79968,1072
Roja,41.61904, -4.79967,1073
Roja,41.61904, -4.79966,1074
Roja,41.61904, -4.79965,1075
Roja,41.61904, -4.79964,1076
Roja,41.61904, -4.79963,1077
Roja,41.61904, -4.79962,1078
Roja,41.61904, -4.79961,1079
Roja,41.61904, -4.7996,1080
Roja,41.61904, -4.79959,1081
Roja,41.61904, -4.79958,1082
Roja,41.61904, -4.79957,1083
Roja,41.61904, -4.79956,1084
Roja,41.61904, -4.79955,1085
Roja,41.61904, -4.79954,1086
Roja,41.61905, -4.79954,1087
Roja,41.61905,-4.7995,1088
Roja,41.61872, -4.79896,1089
Roja,41.61819, -4.79805,1090
Roja,41.61816, -4.79799,1091
Roja,41.61812, -4.79789,1092
Roja,41.61807, -4.79777,1093
Roja,41.61805, -4.79767,1094
Roja,41.618, -4.79744,1095
Roja,41.61799, -4.7971,1096
Roja,41.61798, -4.79658,1097
Roja,41.61797, -4.79658,1098
Roja,41.61796, -4.79657,1099
Roja,41.61795, -4.79657,1100
Roja,41.61794, -4.79656,1101
Roja,41.61793, -4.79655,1102
Roja,41.61792, -4.79655,1103
Roja,41.61792, -4.79654,1104
Roja,41.61791, -4.79654,1105
Roja,41.6179, -4.79653,1106
Roja,41.6179, -4.79652,1107
Roja,41.61789, -4.79652,1108
Roja,41.61789, -4.79651,1109
Roja,41.61763, -4.79668,1110
Roja,41.61745, -4.7968,1111
Roja,41.61635, -4.79755,1112
Roja,41.61493, -4.79852,1113
Roja,41.61475, -4.79863,1114
Roja,41.61419, -4.79901,1115
Roja,41.61403, -4.79912,1116
Roja,41.61323, -4.79967,1117
Roja,41.61319, -4.79975,1118
Roja,41.61303, -4.79986,1119
Roja,41.61297, -4.7999,1120
Roja,41.61297, -4.79993,1121
Roja,41.61298, -4.79997,1122
Roja,41.61298, -4.8,1123
Roja,41.61298, -4.80004,1124
Roja,41.61297, -4.80007,1125
Roja,41.61296, -4.8001,1126
Roja,41.61295, -4.80013,1127
Roja,41.61294, -4.80016,1128
Roja,41.61292, -4.80019,1129
Roja,41.61291, -4.80021,1130
Roja,41.61289, -4.80024,1131
Roja,41.61287, -4.80026,1132
Roja,41.61282, -4.80029,1133
Roja,41.6128, -4.8003,1134
Roja,41.61277, -4.80031,1135
Roja,41.61274, -4.80032,1136
Roja,41.61271, -4.80032,1137
Roja,41.61268, -4.80032,1138
Roja,41.61265, -4.80031,1139
Roja,41.61262, -4.80029,1140
Roja,41.61258, -4.80027,1141
Roja,41.61255, -4.80024,1142
Roja,41.61254, -4.80021,1143
Roja,41.61252, -4.80018,1144
Roja,41.61251, -4.80015,1145
Roja,41.61249, -4.80011,1146
Roja,41.61249, -4.80008,1147
Roja,41.61248, -4.80004,1148
Roja,41.61248, -4.8,1149
Roja,41.61248, -4.79997,1150
Roja,41.61249, -4.79993,1151
Roja,41.61249, -4.79989,1152
Roja,41.6125, -4.79986,1153
Roja,41.61252, -4.79983,1154
Roja,41.61255, -4.79977,1155
Roja,41.61257, -4.79959,1156
Roja,41.6126, -4.79946,1157
Roja,41.61261, -4.79942,1158
Roja,41.61262, -4.79937,1159
Roja,41.61265, -4.79929,1160
Roja,41.6127, -4.79921,1161
Roja,41.61307, -4.79847,1162
Roja,41.61308, -4.79846,1163
Roja,41.61346, -4.79768,1164
Roja,41.61347, -4.79766,1165
Roja,41.61362, -4.79738,1166
Roja,41.61371, -4.79717,1167
Roja,41.61374, -4.79707,1168
Roja,41.61376, -4.79701,1169
Roja,41.61377, -4.79694,1170
Roja,41.61378, -4.7969,1171
Roja,41.61379, -4.79679,1172
Roja,41.61378, -4.7967,1173
Roja,41.61378, -4.79659,1174
Roja,41.61376, -4.79651,1175
Roja,41.61374, -4.79642,1176
Roja,41.61372, -4.79638,1177
Roja,41.61367, -4.79629,1178
Roja,41.61362, -4.79621,1179
Roja,41.6136, -4.79619,1180
Roja,41.61358, -4.79615,1181
Roja,41.61351, -4.79606,1182
Roja,41.61331, -4.79586,1183
Roja,41.61317, -4.79573,1184
Roja,41.61313, -4.79569,1185
Roja,41.61292, -4.79551,1186
Roja,41.61283, -4.79544,1187
Roja,41.61276, -4.79538,1188
Roja,41.61267, -4.79531,1189
Roja,41.6126, -4.79525,1190
Roja,41.61244, -4.7951,1191
Roja,41.61233, -4.795,1192
Roja,41.61226, -4.79497,1193
Roja,41.6121, -4.79483,1194
Roja,41.61204, -4.79475,1195
Roja,41.61203, -4.79475,1196
Roja,41.61202, -4.79475,1197
Roja,41.61201, -4.79475,1198
Roja,41.612, -4.79475,1199
Roja,41.61199, -4.79474,1200
Roja,41.61198, -4.79473,1201
Roja,41.61197, -4.79472,1202
Roja,41.61172, -4.79468,1203
Roja,41.61162, -4.79468,1204
Roja,41.61159, -4.79469,1205
Roja,41.61151, -4.79471,1206
Roja,41.61145, -4.79474,1207
Roja,41.61143, -4.79475,1208
Roja,41.61139, -4.79477,1209
Roja,41.61135, -4.7948,1210
Roja,41.6113, -4.79484,1211
Roja,41.61125, -4.79488,1212
Roja,41.6112, -4.79492,1213
Roja,41.61116, -4.79498,1214
Roja,41.61111, -4.79504,1215
Roja,41.61108, -4.79509,1216
Roja,41.61108, -4.7951,1217
Roja,41.61104, -4.79517,1218
Roja,41.61101, -4.79524,1219
Roja,41.61099, -4.7953,1220
Roja,41.61096, -4.79539,1221
Roja,41.61094, -4.79548,1222
Roja,41.61093, -4.79556,1223
Roja,41.61092, -4.79565,1224
Roja,41.61092, -4.79574,1225
Roja,41.61092, -4.79584,1226
Roja,41.61094, -4.79593,1227
Roja,41.61095, -4.79602,1228
Roja,41.61097, -4.79609,1229
Roja,41.61101, -4.79624,1230
Roja,41.61109, -4.79647,1231
Roja,41.61118, -4.79679,1232
Roja,41.61121, -4.79688,1233
Roja,41.61122, -4.79687,1234
Roja,41.61123, -4.79687,1235
Roja,41.61123, -4.79686,1236
Roja,41.61124, -4.79686,1237
Roja,41.61125, -4.79685,1238
Roja,41.61126, -4.79685,1239
Roja,41.61127, -4.79685,1240
Roja,41.61128, -4.79685,1241
Roja,41.61128, -4.79684,1242
Roja,41.61129, -4.79684,1243
Roja,41.6113, -4.79685,1244
Roja,41.61131, -4.79685,1245
Roja,41.61132, -4.79685,1246
Roja,41.61132, -4.79686,1247
Roja,41.61133, -4.79686,1248
Roja,41.61134, -4.79686,1249
Roja,41.61134, -4.79687,1250
Roja,41.61135, -4.79687,1251
Roja,41.61135, -4.79688,1252
Roja,41.61136, -4.79688,1253
Roja,41.61136, -4.79689,1254
Roja,41.61137, -4.79689,1255
Roja,41.61137, -4.7969,1256
Roja,41.61137, -4.79691,1257
Roja,41.61138, -4.79692,1258
Roja,41.61138, -4.79693,1259
Roja,41.61138, -4.79694,1260
Roja,41.61139, -4.79695,1261
Roja,41.61139, -4.79696,1262
Roja,41.61139, -4.79697,1263
Roja,41.61139, -4.79698,1264
Roja,41.61139, -4.79699,1265
Roja,41.61139, -4.797,1266
Roja,41.61139, -4.79701,1267
Roja,41.61139, -4.79702,1268
Roja,41.61139, -4.79703,1269
Roja,41.61138, -4.79703,1270
Roja,41.61138, -4.79704,1271
Roja,41.61138, -4.79705,1272
Roja,41.61138, -4.79706,1273
Roja,41.61137, -4.79706,1274
Roja,41.61137, -4.79707,1275
Roja,41.61137, -4.79708,1276
Roja,41.61136, -4.79708,1277
Roja,41.61136, -4.79709,1278
Roja,41.61135, -4.79709,1279
Roja,41.61135, -4.7971,1280
Roja,41.61134, -4.79711,1281
Roja,41.61133, -4.79712,1282
Roja,41.61132, -4.79712,1283
Roja,41.61131, -4.79712,1284
Roja,41.61131, -4.79713,1285
Roja,41.6113, -4.79713,1286
Roja,41.61129, -4.79713,1287
Roja,41.61128, -4.79713,1288
Roja,41.61127, -4.79713,1289
Roja,41.61126, -4.79713,1290
Roja,41.61126, -4.79712,1291
Roja,41.61125, -4.79712,1292
Roja,41.61124, -4.79712,1293
Roja,41.61123, -4.79711,1294
Roja,41.61122, -4.79711,1295
Roja,41.61122, -4.7971,1296
Roja,41.61121, -4.79709,1297
Roja,41.61117, -4.79711,1298
Roja,41.61121, -4.79709,1299
Roja,41.61121, -4.79708,1300
Roja,41.6112, -4.79708,1301
Roja,41.6112, -4.79707,1302
Roja,41.61119, -4.79706,1303
Roja,41.61119, -4.79705,1304
Roja,41.61119, -4.79704,1305
Roja,41.61118, -4.79704,1306
Roja,41.61118, -4.79703,1307
Roja,41.61118, -4.79702,1308
Roja,41.61118, -4.79701,1309
Roja,41.61118, -4.797,1310
Roja,41.61118, -4.79699,1311
Roja,41.61118, -4.79698,1312
Roja,41.61118, -4.79697,1313
Roja,41.61118, -4.79696,1314
Roja,41.61118, -4.79695,1315
Roja,41.61118, -4.79694,1316
Roja,41.61119, -4.79693,1317
Roja,41.61119, -4.79692,1318
Roja,41.61119, -4.79691,1319
Roja,41.6112, -4.79691,1320
Roja,41.6112, -4.7969,1321
Roja,41.6112, -4.79689,1322
Roja,41.61121, -4.79689,1323
Roja,41.61121, -4.79688,1324
Roja,41.61118, -4.79679,1325
Roja,41.61109, -4.79647,1326
Roja,41.61101, -4.79624,1327
Roja,41.61097, -4.79609,1328
Roja,41.61095, -4.79602,1329
Roja,41.61094, -4.79593,1330
Roja,41.61092, -4.79584,1331
Roja,41.61092, -4.79574,1332
Roja,41.61092, -4.79565,1333
Roja,41.61093, -4.79556,1334
Roja,41.61094, -4.79548,1335
Roja,41.61096, -4.79539,1336
Roja,41.61099, -4.7953,1337
Roja,41.61101, -4.79524,1338
Roja,41.61104, -4.79517,1339
Roja,41.61108, -4.7951,1340
Roja,41.61108, -4.79509,1341
Roja,41.61111, -4.79504,1342
Roja,41.61116, -4.79498,1343
Roja,41.6112, -4.79492,1344
Roja,41.61125, -4.79488,1345
Roja,41.6113, -4.79484,1346
Roja,41.61135, -4.7948,1347
Roja,41.61139, -4.79477,1348
Roja,41.61143, -4.79475,1349
Roja,41.61145, -4.79474,1350
Roja,41.61151, -4.79471,1351
Roja,41.61159, -4.79469,1352
Roja,41.61162, -4.79468,1353
Roja,41.61164, -4.79461,1354
Roja,41.61165, -4.79457,1355
Roja,41.61166, -4.79454,1356
Roja,41.61166, -4.79451,1357
Roja,41.61166, -4.79448,1358
Roja,41.61165, -4.79437,1359
Roja,41.61158, -4.79434,1360
Roja,41.61151, -4.7943,1361
Roja,41.61142, -4.79423,1362
Roja,41.61136, -4.79418,1363
Roja,41.61127, -4.79409,1364
Roja,41.61126, -4.7941,1365
Roja,41.61124, -4.79411,1366
Roja,41.61123, -4.79411,1367
Roja,41.61122, -4.79412,1368
Roja,41.61121, -4.79412,1369
Roja,41.6112, -4.79412,1370
Roja,41.61118, -4.79412,1371
Roja,41.61117, -4.79412,1372
Roja,41.61116, -4.79412,1373
Roja,41.61115, -4.79412,1374
Roja,41.61113, -4.79411,1375
Roja,41.61112, -4.79411,1376
Roja,41.61111, -4.7941,1377
Roja,41.6111, -4.79409,1378
Roja,41.61109, -4.79408,1379
Roja,41.61108, -4.79407,1380
Roja,41.61107, -4.79406,1381
Roja,41.61106, -4.79405,1382
Roja,41.61105, -4.79404,1383
Roja,41.61105, -4.79403,1384
Roja,41.61104, -4.79401,1385
Roja,41.61103, -4.794,1386
Roja,41.61103, -4.79398,1387
Roja,41.61102, -4.79396,1388
Roja,41.61102, -4.79395,1389
Roja,41.61102, -4.79393,1390
Roja,41.61102, -4.79391,1391
Roja,41.61102, -4.7939,1392
Roja,41.61102, -4.79388,1393
Roja,41.61102, -4.79386,1394
Roja,41.61102, -4.79385,1395
Roja,41.61102, -4.79383,1396
Roja,41.61103, -4.79382,1397
Roja,41.61103, -4.7938,1398
Roja,41.61104, -4.79379,1399
Roja,41.61104, -4.79377,1400
Roja,41.61105, -4.79376,1401
Roja,41.61106, -4.79375,1402
Roja,41.61107, -4.79373,1403
Roja,41.61108, -4.79372,1404
Roja,41.61109, -4.79371,1405
Roja,41.6111, -4.7937,1406
Roja,41.61111, -4.7937,1407
Roja,41.61112, -4.79369,1408
Roja,41.61111, -4.79352,1409
Roja,41.61109, -4.79328,1410
Roja,41.61105, -4.79256,1411
Roja,41.61103, -4.79232,1412
Roja,41.61101, -4.79232,1413
Roja,41.611, -4.79232,1414
Roja,41.61098, -4.79231,1415
Roja,41.61097, -4.79231,1416
Roja,41.61095, -4.7923,1417
Roja,41.61094, -4.7923,1418
Roja,41.61092, -4.79229,1419
Roja,41.61091, -4.79228,1420
Roja,41.6109, -4.79226,1421
Roja,41.61089, -4.79225,1422
Roja,41.61087, -4.79223,1423
Roja,41.61086, -4.79222,1424
Roja,41.61086, -4.7922,1425
Roja,41.61085, -4.79218,1426
Roja,41.61084, -4.79216,1427
Roja,41.61084, -4.79214,1428
Roja,41.61083, -4.79212,1429
Roja,41.61083, -4.7921,1430
Roja,41.61083, -4.79208,1431
Roja,41.61083, -4.79206,1432
Roja,41.61083, -4.79204,1433
Roja,41.61083, -4.79201,1434
Roja,41.61083, -4.79199,1435
Roja,41.61084, -4.79197,1436
Roja,41.61085, -4.79196,1437
Roja,41.61085, -4.79194,1438
Roja,41.61086, -4.79192,1439
Roja,41.61087, -4.7919,1440
Roja,41.61088, -4.79189,1441
Roja,41.61089, -4.79187,1442
Roja,41.61091, -4.79186,1443
Roja,41.61092, -4.79185,1444
Roja,41.61093, -4.79184,1445
Roja,41.61095, -4.79183,1446
Roja,41.61096, -4.79182,1447
Roja,41.61098, -4.79182,1448
Roja,41.61099, -4.79182,1449
Roja,41.61101, -4.79182,1450
Roja,41.61096, -4.79118,1451
Roja,41.61096, -4.79108,1452
Roja,41.61095, -4.79094,1453
Roja,41.61094, -4.79087,1454
Roja,41.61094, -4.79082,1455
Roja,41.61095, -4.79077,1456
Roja,41.61097, -4.7907,1457
Roja,41.61115, -4.79029,1458
Roja,41.61142, -4.78968,1459
Roja,41.61161, -4.78925,1460
Roja,41.61225, -4.7878,1461
Roja,41.61235, -4.7876,1462
Roja,41.61245, -4.78736,1463
Roja,41.61245, -4.78735,1464
Roja,41.6126, -4.787,1465
Roja,41.61278, -4.78662,1466
Roja,41.61279, -4.78659,1467
Roja,41.61289, -4.78636,1468
Roja,41.613, -4.78612,1469
Roja,41.61302, -4.78609,1470
Roja,41.61305, -4.78606,1471
Roja,41.61311, -4.78599,1472
Roja,41.61332, -4.78579,1473
Roja,41.61349, -4.78564,1474
Roja,41.61333, -4.7853,1475
Roja,41.61304, -4.78469,1476
Roja,41.61298, -4.78473,1477
Roja,41.61297, -4.78474,1478
Roja,41.61286, -4.78479,1479
Roja,41.61281, -4.78482,1480
Roja,41.61274, -4.78485,1481
Roja,41.61265, -4.78484,1482
Roja,41.61258, -4.78482,1483
Roja,41.61255, -4.78481,1484
Roja,41.61245, -4.78478,1485
Roja,41.61243, -4.78478,1486
Roja,41.61238, -4.78475,1487
Roja,41.61237, -4.78475,1488
Roja,41.61184, -4.78432,1489
Roja,41.61194, -4.78408,1490
Roja,41.61216, -4.78359,1491
Roja,41.61219, -4.78354,1492
Roja,41.61227, -4.78341,1493
Roja,41.61235, -4.7833,1494
Roja,41.61242, -4.78322,1495
Roja,41.61247, -4.78316,1496
Roja,41.6125, -4.78313,1497
Roja,41.61279, -4.78288,1498
Roja,41.61293, -4.78277,1499
Roja,41.61372, -4.78209,1500
Roja,41.61433, -4.78158,1501
Roja,41.61525, -4.78081,1502
Roja,41.61603, -4.78017,1503
Roja,41.61667, -4.77963,1504
Roja,41.61686, -4.77947,1505
Roja,41.61703, -4.77933,1506
Roja,41.61717, -4.77922,1507
Roja,41.61736, -4.77905,1508
Roja,41.61739, -4.77903,1509
Roja,41.61744, -4.77898,1510
Roja,41.6175, -4.77893,1511
Roja,41.61752, -4.77891,1512
Roja,41.61759, -4.77882,1513
Roja,41.61771, -4.77866,1514
Roja,41.61772, -4.77865,1515
Roja,41.61773, -4.77863,1516
Roja,41.61777, -4.77857,1517
Roja,41.61777, -4.77855,1518
Roja,41.61778, -4.77852,1519
Roja,41.6178, -4.77843,1520
Roja,41.61781, -4.77842,1521
Roja,41.61784, -4.7783,1522
Roja,41.61787, -4.77823,1523
Roja,41.61787, -4.77821,1524
Roja,41.61794, -4.77798,1525
Roja,41.61796, -4.77795,1526
Roja,41.61806, -4.77763,1527
Roja,41.61844, -4.77653,1528
Roja,41.61853, -4.77627,1529
Roja,41.61863, -4.77594,1530
Roja,41.61872, -4.77569,1531
Roja,41.61873, -4.77565,1532
Roja,41.61883, -4.77536,1533
Roja,41.61895, -4.77503,1534
Roja,41.61903, -4.77474,1535
Roja,41.61903, -4.77473,1536
Roja,41.61904, -4.77472,1537
Roja,41.61905, -4.77471,1538
Roja,41.61905, -4.7747,1539
Roja,41.61906, -4.77469,1540
Roja,41.61908, -4.77469,1541
Roja,41.6191, -4.77468,1542
Roja,41.61915, -4.77466,1543
Roja,41.62074, -4.77409,1544
Roja,41.62099, -4.77401,1545
Roja,41.62104, -4.774,1546
Roja,41.62108, -4.77399,1547
Roja,41.6211, -4.774,1548
Roja,41.62112, -4.774,1549
Roja,41.62115, -4.77401,1550
Roja,41.62117, -4.77402,1551
Roja,41.62177, -4.7744,1552
Roja,41.6218, -4.77442,1553
Roja,41.62194, -4.77442,1554
Roja,41.62194, -4.77441,1555
Roja,41.62194, -4.7744,1556
Roja,41.62195, -4.77438,1557
Roja,41.62196, -4.77437,1558
Roja,41.62196, -4.77436,1559
Roja,41.62197, -4.77435,1560
Roja,41.62198, -4.77434,1561
Roja,41.62199, -4.77433,1562
Roja,41.622, -4.77433,1563
Roja,41.62201, -4.77432,1564
Roja,41.62202, -4.77432,1565
Roja,41.62203, -4.77431,1566
Roja,41.62204, -4.77431,1567
Roja,41.62205, -4.77431,1568
Roja,41.62206, -4.77431,1569
Roja,41.62207, -4.77431,1570
Roja,41.62208, -4.77431,1571
Roja,41.62209, -4.77431,1572
Roja,41.62211, -4.77432,1573
Roja,41.62212, -4.77432,1574
Roja,41.62214, -4.77433,1575
Roja,41.62215, -4.77435,1576
Roja,41.62222, -4.77422,1577
Roja,41.62279, -4.77262,1578
Roja,41.62306, -4.77184,1579
Roja,41.62309, -4.77173,1580
Roja,41.62388, -4.76946,1581
Roja,41.62397, -4.76922,1582
Roja,41.62402, -4.7691,1583
Roja,41.62411, -4.76889,1584
Roja,41.62409, -4.76886,1585
Roja,41.62406, -4.76883,1586
Roja,41.62404, -4.7688,1587
Roja,41.62402, -4.76877,1588
Roja,41.62401, -4.76873,1589
Roja,41.624, -4.76869,1590
Roja,41.62399, -4.76865,1591
Roja,41.62398, -4.76861,1592
Roja,41.62398, -4.76858,1593
Roja,41.62399, -4.76855,1594
Roja,41.62399, -4.76852,1595
Roja,41.624, -4.7685,1596
Roja,41.62401, -4.76847,1597
Roja,41.62403, -4.76845,1598
Roja,41.62404, -4.76843,1599
Roja,41.62405, -4.76841,1600
Roja,41.62408, -4.76838,1601
Roja,41.62409, -4.76837,1602
Roja,41.62412, -4.76835,1603
Roja,41.62414, -4.76834,1604
Roja,41.62416, -4.76833,1605
Roja,41.62418, -4.76833,1606
Roja,41.62421, -4.76833,1607
Roja,41.62423, -4.76833,1608
Roja,41.62425, -4.76833,1609
Roja,41.62428, -4.76834,1610
Roja,41.62435, -4.76814,1611
Roja,41.62435, -4.76804,1612
Roja,41.62435, -4.76802,1613
Roja,41.62435, -4.768,1614
Roja,41.62454, -4.76744,1615
Roja,41.62465, -4.76711,1616
Roja,41.62466, -4.76709,1617
Roja,41.62467, -4.76706,1618
Roja,41.62469, -4.76702,1619
Roja,41.62471, -4.76699,1620
Roja,41.62478, -4.7669,1621
Roja,41.62488, -4.7666,1622
Roja,41.62499, -4.76628,1623
Roja,41.625, -4.76623,1624
Roja,41.62502, -4.76618,1625
Roja,41.62517, -4.76577,1626
Roja,41.6254, -4.76504,1627
Roja,41.62608, -4.76309,1628
Roja,41.6263, -4.76242,1629
Roja,41.62633, -4.76233,1630
Roja,41.6266, -4.76155,1631
Roja,41.62693, -4.7606,1632
Roja,41.62694, -4.76058,1633
Roja,41.62725, -4.75972,1634
Roja,41.6274, -4.75931,1635
Roja,41.62773, -4.75838,1636
Roja,41.62784, -4.75805,1637
Roja,41.62789, -4.75788,1638
Roja,41.62793, -4.75778,1639
Roja,41.62805, -4.75741,1640
Roja,41.62821, -4.75694,1641
Roja,41.62832, -4.75663,1642
Roja,41.6285, -4.75615,1643
Roja,41.62864, -4.75583,1644
Roja,41.62888, -4.75533,1645
Roja,41.62892, -4.75527,1646
Roja,41.62906, -4.75501,1647
Roja,41.62926, -4.7547,1648
Roja,41.62944, -4.75444,1649
Roja,41.62962, -4.7542,1650
Roja,41.62963, -4.75419,1651
Roja,41.62995, -4.75383,1652
Roja,41.6302, -4.75357,1653
Roja,41.63041, -4.75336,1654
Roja,41.63074, -4.75302,1655
Roja,41.6312, -4.75256,1656
Roja,41.63278, -4.75097,1657
Roja,41.63306, -4.75066,1658
Roja,41.63308, -4.75064,1659
Roja,41.63316, -4.75054,1660
Roja,41.63339, -4.75024,1661
Roja,41.6335, -4.7501,1662
Roja,41.63366, -4.74971,1663
Roja,41.63366, -4.74969,1664
Roja,41.63367, -4.74965,1665
Roja,41.63368, -4.74961,1666
Roja,41.63369, -4.74957,1667
Roja,41.63372, -4.74951,1668
Roja,41.63373, -4.74912,1669
Roja,41.63374, -4.7491,1670
Roja,41.63374, -4.74909,1671
Roja,41.63374, -4.74908,1672
Roja,41.63375, -4.74907,1673
Roja,41.63375, -4.74906,1674
Roja,41.63376, -4.74905,1675
Roja,41.63374, -4.74891,1676
Roja,41.63372, -4.74867,1677
Roja,41.63365, -4.74816,1678
Roja,41.63363, -4.74797,1679
Roja,41.63359, -4.74753,1680
Roja,41.63357, -4.74742,1681
Roja,41.63355, -4.74723,1682
Roja,41.63354, -4.74714,1683
Roja,41.63349, -4.74667,1684
Roja,41.63334, -4.74523,1685
Roja,41.63326, -4.74454,1686
Roja,41.63326, -4.74447,1687
Roja,41.63319, -4.74425,1688
Roja,41.63311, -4.74354,1689
Roja,41.63308, -4.7433,1690
Roja,41.63305, -4.74306,1691
Roja,41.633, -4.74259,1692
Roja,41.633, -4.74258,1693
Roja,41.63299, -4.74249,1694
Roja,41.63296, -4.74212,1695
Roja,41.63288, -4.74147,1696
Roja,41.63281, -4.74077,1697
Roja,41.63275, -4.74024,1698
Roja,41.63274, -4.7401,1699
Roja,41.63282, -4.74009,1700
Roja,41.63294, -4.74006,1701
Roja,41.6333, -4.74,1702
Roja,41.63349, -4.73997,1703
Roja,41.63378, -4.73993,1704
Roja,41.63393, -4.7399,1705
Roja,41.63396, -4.7399,1706
Roja,41.6345, -4.73979,1707
Roja,41.63518, -4.73967,1708
Roja,41.63526, -4.73965,1709
Roja,41.63539, -4.73961,1710
Roja,41.63547, -4.73959,1711
Roja,41.63561, -4.73954,1712
Roja,41.63575, -4.73949,1713
Roja,41.63671, -4.73918,1714
Roja,41.63729, -4.73898,1715
Roja,41.6374, -4.73894,1716
Roja,41.63759, -4.73888,1717
Roja,41.63762, -4.73887,1718
Roja,41.63772, -4.73883,1719
Roja,41.63787, -4.73877,1720
Roja,41.6381, -4.73868,1721
Roja,41.6383, -4.7386,1722
Roja,41.63875, -4.73842,1723
Roja,41.63881, -4.73839,1724
Roja,41.63898, -4.73832,1725
Roja,41.63922, -4.73823,1726
Roja,41.6399, -4.73795,1727
Roja,41.6402, -4.73784,1728
Roja,41.6405, -4.73772,1729
Roja,41.64076, -4.73761,1730
Roja,41.64083, -4.73759,1731
Roja,41.64109, -4.73746,1732
Roja,41.64111, -4.73745,1733
Roja,41.64159, -4.73726,1734
Roja,41.64169, -4.73722,1735
Roja,41.64187, -4.73714,1736
Roja,41.64191, -4.73712,1737
Roja,41.64209, -4.73703,1738
Roja,41.64229, -4.73692,1739
Roja,41.64269, -4.73662,1740
Roja,41.64279, -4.73651,1741
Roja,41.64284, -4.73645,1742
Roja,41.64301, -4.73623,1743
Roja,41.64347, -4.73564,1744
Roja,41.64388, -4.73511,1745
Roja,41.644, -4.73494,1746
Roja,41.64406, -4.73485,1747
Roja,41.64431, -4.73454,1748
Roja,41.64456, -4.73422,1749
Roja,41.6448, -4.73392,1750
Roja,41.64495, -4.73372,1751
Roja,41.64508, -4.73354,1752
Roja,41.64507, -4.73354,1753
Roja,41.64487, -4.73315,1754
Roja,41.64479, -4.73299,1755
Roja,41.64474, -4.73288,1756
Roja,41.64471, -4.73282,1757
Roja,41.6447, -4.7328,1758
Roja,41.64467, -4.73275,1759
Roja,41.64464, -4.73266,1760
Roja,41.64459, -4.73255,1761
Roja,41.64456, -4.73247,1762
Roja,41.64454, -4.7324,1763
Roja,41.64452, -4.73231,1764
Roja,41.64449, -4.73222,1765
Roja,41.64448, -4.73214,1766
Roja,41.64446, -4.73206,1767
Roja,41.64445, -4.73199,1768
Roja,41.64443, -4.7319,1769
Roja,41.64441, -4.73178,1770
Roja,41.64438, -4.73156,1771
Roja,41.64436, -4.7314,1772
Roja,41.64423, -4.73143,1773
Roja,41.64382, -4.73157,1774
Roja,41.6435, -4.7317,1775
Roja,41.64326, -4.73182,1776
Roja,41.64309, -4.7319,1777
Roja,41.6429, -4.73196,1778
Roja,41.64282, -4.73199,1779
Roja,41.64279, -4.73199,1780
Roja,41.64275, -4.732,1781
Roja,41.64259, -4.73201,1782
Roja,41.64245, -4.73202,1783
Roja,41.64241, -4.73197,1784
Roja,41.64231, -4.73184,1785
Roja,41.6421, -4.73177,1786
Roja,41.64202, -4.73173,1787
Roja,41.64181, -4.73166,1788
Roja,41.64147, -4.73156,1789
Roja,41.64137, -4.73154,1790
Roja,41.641201, -4.731545,1791
Roja,41.64114, -4.7325,1792
Roja,41.641407, -4.732529,1793
Buho,41.641407,-4.7325,1
Buho,41.64114, -4.7325,2
Buho,41.64109, -4.73336,3
Buho,41.64102, -4.73449,4
Buho,41.64094, -4.73583,5
Buho,41.64092, -4.73626,6
Buho,41.64091, -4.73639,7
Buho,41.64091, -4.7364,8
Buho,41.6409, -4.73657,9
Buho,41.64089, -4.73677,10
Buho,41.64086, -4.73711,11
Buho,41.64084, -4.73748,12
Buho,41.64083, -4.73759,13
Buho,41.64083, -4.73769,14
Buho,41.64076, -4.73772,15
Buho,41.64051, -4.73783,16
Buho,41.64022, -4.73795,17
Buho,41.63998, -4.73805,18
Buho,41.63993, -4.73807,19
Buho,41.63926, -4.73833,20
Buho,41.63919, -4.73837,21
Buho,41.63901, -4.73844,22
Buho,41.63884, -4.73851,23
Buho,41.63877, -4.73853,24
Buho,41.63813, -4.73879,25
Buho,41.63789, -4.73888,26
Buho,41.63774, -4.73894,27
Buho,41.63764, -4.73898,28
Buho,41.63761, -4.73899,29
Buho,41.63747, -4.73904,30
Buho,41.63743, -4.73906,31
Buho,41.63731, -4.7391,32
Buho,41.63701, -4.7392,33
Buho,41.63673, -4.73929,34
Buho,41.63658, -4.73934,35
Buho,41.63578, -4.73963,36
Buho,41.63564, -4.73968,37
Buho,41.63549, -4.73973,38
Buho,41.63542, -4.73975,39
Buho,41.63528, -4.73979,40
Buho,41.6352, -4.73981,41
Buho,41.63452, -4.73994,42
Buho,41.63399, -4.74003,43
Buho,41.63395, -4.74004,44
Buho,41.63381, -4.74005,45
Buho,41.6335, -4.74009,46
Buho,41.63334, -4.74012,47
Buho,41.63296, -4.74019,48
Buho,41.63283, -4.74022,49
Buho,41.63289, -4.74076,50
Buho,41.63294, -4.74127,51
Buho,41.63296, -4.74145,52
Buho,41.63304, -4.74211,53
Buho,41.63307, -4.74248,54
Buho,41.63307, -4.74257,55
Buho,41.63316, -4.74329,56
Buho,41.63327, -4.74424,57
Buho,41.63326, -4.74435,58
Buho,41.63326, -4.74447,59
Buho,41.63326, -4.74454,60
Buho,41.63334, -4.74523,61
Buho,41.63349, -4.74667,62
Buho,41.63354, -4.74714,63
Buho,41.63355, -4.74723,64
Buho,41.63357, -4.74742,65
Buho,41.6336, -4.74771,66
Buho,41.63363, -4.74797,67
Buho,41.63365, -4.74816,68
Buho,41.63372, -4.74867,69
Buho,41.63374, -4.74891,70
Buho,41.63376, -4.74905,71
Buho,41.63377, -4.74907,72
Buho,41.63378, -4.74908,73
Buho,41.63379, -4.7491,74
Buho,41.6338, -4.74911,75
Buho,41.6338, -4.74912,76
Buho,41.63391, -4.74939,77
Buho,41.63394, -4.74939,78
Buho,41.63396, -4.7494,79
Buho,41.63399, -4.74941,80
Buho,41.63402, -4.74942,81
Buho,41.63404, -4.74944,82
Buho,41.63407, -4.74946,83
Buho,41.63409, -4.74948,84
Buho,41.63411, -4.74951,85
Buho,41.63411, -4.74952,86
Buho,41.63412, -4.74953,87
Buho,41.63413, -4.74954,88
Buho,41.63413, -4.74955,89
Buho,41.63414, -4.74957,90
Buho,41.63414, -4.74958,91
Buho,41.63414, -4.74959,92
Buho,41.63415, -4.7496,93
Buho,41.63374, -4.74998,94
Buho,41.63367, -4.75007,95
Buho,41.63339, -4.75042,96
Buho,41.63335, -4.75047,97
Buho,41.63326, -4.7506,98
Buho,41.63295, -4.75099,99
Buho,41.63294, -4.751,100
Buho,41.63271, -4.75127,101
Buho,41.63239, -4.75161,102
Buho,41.63217, -4.75181,103
Buho,41.63193, -4.75206,104
Buho,41.63168, -4.7523,105
Buho,41.6314, -4.75258,106
Buho,41.63105, -4.75291,107
Buho,41.63078, -4.75319,108
Buho,41.63052, -4.75346,109
Buho,41.63028, -4.75368,110
Buho,41.63001, -4.75398,111
Buho,41.62976, -4.75426,112
Buho,41.62949, -4.75459,113
Buho,41.62925, -4.75492,114
Buho,41.62908, -4.7552,115
Buho,41.62896, -4.75539,116
Buho,41.62891, -4.75549,117
Buho,41.62884, -4.75564,118
Buho,41.62868, -4.75598,119
Buho,41.62859, -4.75618,120
Buho,41.62846, -4.75651,121
Buho,41.62845, -4.75652,122
Buho,41.62836, -4.75679,123
Buho,41.62816, -4.75737,124
Buho,41.62799, -4.75789,125
Buho,41.62793, -4.75806,126
Buho,41.62781, -4.75844,127
Buho,41.62748, -4.75936,128
Buho,41.62726, -4.76,129
Buho,41.62688, -4.76109,130
Buho,41.62647, -4.76224,131
Buho,41.62617, -4.76312,132
Buho,41.62549, -4.76509,133
Buho,41.62543, -4.76526,134
Buho,41.62524, -4.76584,135
Buho,41.62525, -4.76585,136
Buho,41.62526, -4.76587,137
Buho,41.62527, -4.76589,138
Buho,41.62528, -4.76591,139
Buho,41.62529, -4.76593,140
Buho,41.62529, -4.76595,141
Buho,41.6253, -4.76597,142
Buho,41.62531, -4.76599,143
Buho,41.62531, -4.76602,144
Buho,41.62531, -4.76605,145
Buho,41.62531, -4.76608,146
Buho,41.62531, -4.76611,147
Buho,41.62531, -4.76614,148
Buho,41.6253, -4.76617,149
Buho,41.62529, -4.7662,150
Buho,41.62528, -4.76623,151
Buho,41.6253, -4.76627,152
Buho,41.62531, -4.76629,153
Buho,41.62532, -4.76631,154
Buho,41.62532, -4.76634,155
Buho,41.62532, -4.76636,156
Buho,41.62533, -4.76638,157
Buho,41.62532, -4.76641,158
Buho,41.62532, -4.76642,159
Buho,41.62539, -4.76659,160
Buho,41.62551, -4.76675,161
Buho,41.62577, -4.76709,162
Buho,41.62589, -4.76724,163
Buho,41.62598, -4.76737,164
Buho,41.62614, -4.76755,165
Buho,41.6265, -4.76804,166
Buho,41.627, -4.7688,167
Buho,41.62717, -4.76904,168
Buho,41.62718, -4.76905,169
Buho,41.62731, -4.76923,170
Buho,41.62752, -4.76958,171
Buho,41.6278, -4.76982,172
Buho,41.62799, -4.76998,173
Buho,41.62808, -4.77004,174
Buho,41.62808, -4.77005,175
Buho,41.62816, -4.77012,176
Buho,41.62832, -4.77027,177
Buho,41.62834, -4.77028,178
Buho,41.62859, -4.77049,179
Buho,41.62861, -4.77051,180
Buho,41.62858, -4.7706,181
Buho,41.62851, -4.77136,182
Buho,41.62842, -4.77208,183
Buho,41.62836, -4.77278,184
Buho,41.62836, -4.77286,185
Buho,41.62833, -4.77344,186
Buho,41.62827, -4.77417,187
Buho,41.62821, -4.7748,188
Buho,41.62819, -4.77497,189
Buho,41.62818, -4.77513,190
Buho,41.62816, -4.77551,191
Buho,41.62815, -4.77563,192
Buho,41.62814, -4.7759,193
Buho,41.62793, -4.77587,194
Buho,41.62771, -4.77584,195
Buho,41.62735, -4.7758,196
Buho,41.62709, -4.77575,197
Buho,41.62691, -4.77573,198
Buho,41.62685, -4.77572,199
Buho,41.62649, -4.77568,200
Buho,41.62647, -4.77568,201
Buho,41.62635, -4.77567,202
Buho,41.62636, -4.77532,203
Buho,41.62639, -4.77488,204
Buho,41.6264, -4.77471,205
Buho,41.62641, -4.77458,206
Buho,41.6264, -4.77455,207
Buho,41.6264, -4.77452,208
Buho,41.62636, -4.77429,209
Buho,41.62634, -4.77408,210
Buho,41.62632, -4.77392,211
Buho,41.62626, -4.77391,212
Buho,41.62597, -4.77388,213
Buho,41.62591, -4.77387,214
Buho,41.62567, -4.77385,215
Buho,41.62551, -4.77383,216
Buho,41.62548, -4.77401,217
Buho,41.62543, -4.7744,218
Buho,41.62538, -4.77478,219
Buho,41.62538, -4.77481,220
Buho,41.62534, -4.77511,221
Buho,41.62531, -4.77529,222
Buho,41.62528, -4.77537,223
Buho,41.62517, -4.77574,224
Buho,41.62508, -4.776,225
Buho,41.62506, -4.77611,226
Buho,41.62506, -4.77612,227
Buho,41.62509, -4.77614,228
Buho,41.62511, -4.77617,229
Buho,41.62512, -4.7762,230
Buho,41.62513, -4.77624,231
Buho,41.62514, -4.77628,232
Buho,41.62514, -4.77632,233
Buho,41.62514, -4.77636,234
Buho,41.62513, -4.7764,235
Buho,41.62511, -4.77644,236
Buho,41.62509, -4.77647,237
Buho,41.62507, -4.77649,238
Buho,41.62504, -4.77651,239
Buho,41.62502, -4.77653,240
Buho,41.62499, -4.77654,241
Buho,41.62496, -4.77654,242
Buho,41.62493, -4.77653,243
Buho,41.62483, -4.77682,244
Buho,41.62469, -4.77726,245
Buho,41.62457, -4.77758,246
Buho,41.6245, -4.7778,247
Buho,41.62442, -4.77801,248
Buho,41.6242, -4.77855,249
Buho,41.62412, -4.77876,250
Buho,41.62403, -4.77902,251
Buho,41.62394, -4.77937,252
Buho,41.62388, -4.7796,253
Buho,41.62389, -4.77961,254
Buho,41.6239, -4.77963,255
Buho,41.62391, -4.77964,256
Buho,41.62392, -4.77966,257
Buho,41.62392, -4.77968,258
Buho,41.62393, -4.7797,259
Buho,41.62393, -4.77972,260
Buho,41.62394, -4.77974,261
Buho,41.62394, -4.77975,262
Buho,41.62394, -4.77977,263
Buho,41.62394, -4.77979,264
Buho,41.62394, -4.77981,265
Buho,41.62393, -4.77983,266
Buho,41.62393, -4.77985,267
Buho,41.62392, -4.77987,268
Buho,41.62392, -4.77989,269
Buho,41.62391, -4.7799,270
Buho,41.6239, -4.77992,271
Buho,41.62389, -4.77993,272
Buho,41.62388, -4.77995,273
Buho,41.62387, -4.77996,274
Buho,41.62386, -4.77997,275
Buho,41.62384, -4.77998,276
Buho,41.62383, -4.77998,277
Buho,41.62382, -4.77999,278
Buho,41.6238, -4.77999,279
Buho,41.62379, -4.77999,280
Buho,41.62377, -4.77999,281
Buho,41.62376, -4.77999,282
Buho,41.62374, -4.77999,283
Buho,41.62362, -4.78027,284
Buho,41.62339, -4.78092,285
Buho,41.62316, -4.78157,286
Buho,41.6231, -4.78176,287
Buho,41.62295, -4.78225,288
Buho,41.6228, -4.78268,289
Buho,41.62273, -4.78288,290
Buho,41.62266, -4.78307,291
Buho,41.62263, -4.78317,292
Buho,41.62261, -4.78322,293
Buho,41.62261, -4.78323,294
Buho,41.62256, -4.78339,295
Buho,41.62252, -4.78353,296
Buho,41.6225, -4.78358,297
Buho,41.62245, -4.78374,298
Buho,41.62237, -4.78398,299
Buho,41.62236, -4.784,300
Buho,41.62232, -4.78412,301
Buho,41.6222, -4.78449,302
Buho,41.62201, -4.78505,303
Buho,41.62197, -4.78516,304
Buho,41.62193, -4.78526,305
Buho,41.62181, -4.78556,306
Buho,41.62176, -4.78569,307
Buho,41.62165, -4.78607,308
Buho,41.62115, -4.7875,309
Buho,41.62088, -4.78828,310
Buho,41.62076, -4.78862,311
Buho,41.62068, -4.78883,312
Buho,41.6206, -4.78904,313
Buho,41.62045, -4.78948,314
Buho,41.62037, -4.78971,315
Buho,41.62034, -4.78979,316
Buho,41.62032, -4.78985,317
Buho,41.62027, -4.79,318
Buho,41.62026, -4.79001,319
Buho,41.62019, -4.79023,320
Buho,41.62014, -4.79037,321
Buho,41.62006, -4.79059,322
Buho,41.61999, -4.7908,323
Buho,41.61991, -4.79102,324
Buho,41.61984, -4.79124,325
Buho,41.61983, -4.79126,326
Buho,41.61959, -4.79194,327
Buho,41.61923, -4.793,328
Buho,41.61918, -4.79314,329
Buho,41.61908, -4.79344,330
Buho,41.619, -4.79366,331
Buho,41.61896, -4.79376,332
Buho,41.61893, -4.79386,333
Buho,41.6189, -4.79395,334
Buho,41.61822, -4.79588,335
Buho,41.61813, -4.79615,336
Buho,41.6181, -4.79622,337
Buho,41.61811, -4.79623,338
Buho,41.61811, -4.79624,339
Buho,41.61812, -4.79625,340
Buho,41.61813, -4.79626,341
Buho,41.61813, -4.79627,342
Buho,41.61814, -4.79628,343
Buho,41.61814, -4.79629,344
Buho,41.61815, -4.7963,345
Buho,41.61815, -4.79632,346
Buho,41.61815, -4.79633,347
Buho,41.61815, -4.79634,348
Buho,41.61815, -4.79635,349
Buho,41.61869, -4.79634,350
Buho,41.61964, -4.79632,351
Buho,41.61983, -4.79632,352
Buho,41.62017, -4.7963,353
Buho,41.62037, -4.79627,354
Buho,41.6205, -4.79624,355
Buho,41.6206, -4.7962,356
Buho,41.62069, -4.79617,357
Buho,41.62085, -4.79609,358
Buho,41.62101, -4.79598,359
Buho,41.62102, -4.79598,360
Buho,41.62127, -4.79582,361
Buho,41.62134, -4.79578,362
Buho,41.62147, -4.79571,363
Buho,41.62167, -4.79564,364
Buho,41.62186, -4.79561,365
Buho,41.62191, -4.7956,366
Buho,41.62204, -4.7956,367
Buho,41.62211, -4.79562,368
Buho,41.62211, -4.7956,369
Buho,41.62212, -4.79559,370
Buho,41.62212, -4.79558,371
Buho,41.62213, -4.79557,372
Buho,41.62214, -4.79556,373
Buho,41.62215, -4.79555,374
Buho,41.62215, -4.79554,375
Buho,41.62216, -4.79554,376
Buho,41.62217, -4.79553,377
Buho,41.62218, -4.79553,378
Buho,41.62219, -4.79552,379
Buho,41.6222, -4.79552,380
Buho,41.62221, -4.79551,381
Buho,41.62222, -4.79551,382
Buho,41.62223, -4.79551,383
Buho,41.62224, -4.79551,384
Buho,41.62225, -4.79551,385
Buho,41.62226, -4.79551,386
Buho,41.62227, -4.79551,387
Buho,41.62228, -4.79551,388
Buho,41.62228, -4.79552,389
Buho,41.62229, -4.79552,390
Buho,41.6223, -4.79553,391
Buho,41.62231, -4.79553,392
Buho,41.62232, -4.79554,393
Buho,41.62233, -4.79555,394
Buho,41.62233, -4.79556,395
Buho,41.62234, -4.79557,396
Buho,41.62235, -4.79557,397
Buho,41.62235, -4.79558,398
Buho,41.62236, -4.7956,399
Buho,41.62237, -4.79561,400
Buho,41.62237, -4.79562,401
Buho,41.62237, -4.79563,402
Buho,41.62238, -4.79564,403
Buho,41.62238, -4.79566,404
Buho,41.62238, -4.79567,405
Buho,41.62238, -4.79568,406
Buho,41.62238, -4.79569,407
Buho,41.62238, -4.79571,408
Buho,41.62238, -4.79572,409
Buho,41.62238, -4.79573,410
Buho,41.62256, -4.7958,411
Buho,41.62265, -4.79583,412
Buho,41.62321, -4.79604,413
Buho,41.6236, -4.79614,414
Buho,41.62378, -4.79619,415
Buho,41.62385, -4.79621,416
Buho,41.62428, -4.79631,417
Buho,41.62449, -4.79629,418
Buho,41.62467, -4.79627,419
Buho,41.62468, -4.79627,420
Buho,41.62526, -4.79603,421
Buho,41.62536, -4.79597,422
Buho,41.62597, -4.79548,423
Buho,41.62613, -4.79536,424
Buho,41.62614, -4.79535,425
Buho,41.62628, -4.79523,426
Buho,41.62658, -4.79496,427
Buho,41.62665, -4.79489,428
Buho,41.62672, -4.79482,429
Buho,41.6271, -4.79447,430
Buho,41.6276, -4.79398,431
Buho,41.62775, -4.79382,432
Buho,41.62824, -4.79341,433
Buho,41.62851, -4.7932,434
Buho,41.62866, -4.79307,435
Buho,41.6288, -4.79297,436
Buho,41.62897, -4.79284,437
Buho,41.62907, -4.79276,438
Buho,41.62913, -4.79272,439
Buho,41.62926, -4.79263,440
Buho,41.62937, -4.79255,441
Buho,41.62946, -4.79252,442
Buho,41.62954, -4.79247,443
Buho,41.62977, -4.79239,444
Buho,41.62996, -4.7923,445
Buho,41.63014, -4.79223,446
Buho,41.63019, -4.79221,447
Buho,41.6303, -4.79216,448
Buho,41.63031, -4.79215,449
Buho,41.63053, -4.79204,450
Buho,41.6306, -4.79199,451
Buho,41.63074, -4.79188,452
Buho,41.63084, -4.79177,453
Buho,41.63092, -4.79168,454
Buho,41.63095, -4.79164,455
Buho,41.63094, -4.79162,456
Buho,41.63093, -4.79161,457
Buho,41.63092, -4.79159,458
Buho,41.63092, -4.79158,459
Buho,41.63091, -4.79156,460
Buho,41.63091, -4.79155,461
Buho,41.6309, -4.79153,462
Buho,41.6309, -4.79151,463
Buho,41.6309, -4.79146,464
Buho,41.6309, -4.79141,465
Buho,41.6309, -4.79136,466
Buho,41.63091, -4.79131,467
Buho,41.63093, -4.79126,468
Buho,41.63095, -4.79121,469
Buho,41.63097, -4.79117,470
Buho,41.631, -4.79113,471
Buho,41.63103, -4.7911,472
Buho,41.63101, -4.7909,473
Buho,41.63099, -4.79081,474
Buho,41.6309, -4.7904,475
Buho,41.63065, -4.78937,476
Buho,41.63063, -4.78937,477
Buho,41.63062, -4.78937,478
Buho,41.6306, -4.78937,479
Buho,41.63058, -4.78936,480
Buho,41.63057, -4.78936,481
Buho,41.63055, -4.78935,482
Buho,41.63053, -4.78934,483
Buho,41.63052, -4.78932,484
Buho,41.63051, -4.78931,485
Buho,41.63049, -4.7893,486
Buho,41.63048, -4.78928,487
Buho,41.63047, -4.78926,488
Buho,41.63046, -4.78924,489
Buho,41.63046, -4.78922,490
Buho,41.63045, -4.7892,491
Buho,41.63044, -4.78918,492
Buho,41.63044, -4.78915,493
Buho,41.63044, -4.78913,494
Buho,41.63044, -4.78911,495
Buho,41.63044, -4.78907,496
Buho,41.63044, -4.78904,497
Buho,41.63045, -4.78902,498
Buho,41.63046, -4.789,499
Buho,41.63046, -4.78898,500
Buho,41.63047, -4.78896,501
Buho,41.63048, -4.78894,502
Buho,41.6305, -4.78892,503
Buho,41.63051, -4.78891,504
Buho,41.63052, -4.78889,505
Buho,41.63054, -4.78888,506
Buho,41.63055, -4.78887,507
Buho,41.63057, -4.78886,508
Buho,41.63058, -4.78886,509
Buho,41.6306, -4.78885,510
Buho,41.63062, -4.78885,511
Buho,41.63064, -4.78885,512
Buho,41.63065, -4.78885,513
Buho,41.63067, -4.78885,514
Buho,41.63068, -4.78886,515
Buho,41.63085, -4.788,516
Buho,41.63103, -4.78704,517
Buho,41.63102, -4.78702,518
Buho,41.63101, -4.78701,519
Buho,41.631, -4.787,520
Buho,41.63099, -4.78698,521
Buho,41.63098, -4.78696,522
Buho,41.63097, -4.78695,523
Buho,41.63096, -4.78693,524
Buho,41.63096, -4.78691,525
Buho,41.63095, -4.78689,526
Buho,41.63095, -4.78687,527
Buho,41.63095, -4.78685,528
Buho,41.63095, -4.78683,529
Buho,41.63095, -4.78681,530
Buho,41.63095, -4.78677,531
Buho,41.63096, -4.78675,532
Buho,41.63096, -4.78673,533
Buho,41.63097, -4.78672,534
Buho,41.63098, -4.7867,535
Buho,41.63098, -4.78668,536
Buho,41.63099, -4.78666,537
Buho,41.631, -4.78665,538
Buho,41.63102, -4.78664,539
Buho,41.63103, -4.78662,540
Buho,41.63104, -4.78661,541
Buho,41.63105, -4.7866,542
Buho,41.63107, -4.7866,543
Buho,41.63108, -4.78659,544
Buho,41.6311, -4.78658,545
Buho,41.63111, -4.78658,546
Buho,41.63113, -4.78658,547
Buho,41.63114, -4.78658,548
Buho,41.63116, -4.78658,549
Buho,41.63117, -4.78659,550
Buho,41.63119, -4.78659,551
Buho,41.63121, -4.7866,552
Buho,41.63122, -4.78661,553
Buho,41.63124, -4.78662,554
Buho,41.63125, -4.78663,555
Buho,41.63126, -4.78665,556
Buho,41.63127, -4.78666,557
Buho,41.63128, -4.78668,558
Buho,41.63129, -4.78669,559
Buho,41.6313, -4.78671,560
Buho,41.6313, -4.78673,561
Buho,41.63131, -4.78675,562
Buho,41.63131, -4.78677,563
Buho,41.63132, -4.78679,564
Buho,41.63132, -4.78681,565
Buho,41.63132, -4.78683,566
Buho,41.63132, -4.78685,567
Buho,41.63132, -4.78687,568
Buho,41.63131, -4.78689,569
Buho,41.63131, -4.78691,570
Buho,41.6313, -4.78694,571
Buho,41.63129, -4.78696,572
Buho,41.63128, -4.78698,573
Buho,41.63127, -4.78699,574
Buho,41.63126, -4.78701,575
Buho,41.63125, -4.78702,576
Buho,41.63124, -4.78703,577
Buho,41.63122, -4.78705,578
Buho,41.63121, -4.78705,579
Buho,41.6312, -4.78706,580
Buho,41.63118, -4.78707,581
Buho,41.63117, -4.78707,582
Buho,41.63115, -4.78708,583
Buho,41.63114, -4.78708,584
Buho,41.63112, -4.78708,585
Buho,41.63075, -4.7889,586
Buho,41.63078, -4.78893,587
Buho,41.63079, -4.78895,588
Buho,41.6308, -4.78897,589
Buho,41.63081, -4.78898,590
Buho,41.63081, -4.78901,591
Buho,41.63082, -4.78903,592
Buho,41.63083, -4.78905,593
Buho,41.63083, -4.78907,594
Buho,41.63083, -4.78909,595
Buho,41.63083, -4.78912,596
Buho,41.63083, -4.78915,597
Buho,41.63083, -4.78917,598
Buho,41.63082, -4.78919,599
Buho,41.63082, -4.78921,600
Buho,41.63081, -4.78923,601
Buho,41.6308, -4.78925,602
Buho,41.63079, -4.78927,603
Buho,41.63078, -4.78929,604
Buho,41.63077, -4.7893,605
Buho,41.63075, -4.78932,606
Buho,41.63074, -4.78933,607
Buho,41.63092, -4.79014,608
Buho,41.63107, -4.79082,609
Buho,41.63107, -4.79083,610
Buho,41.63109, -4.79091,611
Buho,41.63116, -4.79104,612
Buho,41.63119, -4.79104,613
Buho,41.63121, -4.79104,614
Buho,41.63124, -4.79105,615
Buho,41.63127, -4.79105,616
Buho,41.63129, -4.79107,617
Buho,41.63132, -4.79108,618
Buho,41.63134, -4.7911,619
Buho,41.63137, -4.79112,620
Buho,41.63138, -4.79114,621
Buho,41.6314, -4.79116,622
Buho,41.63141, -4.79118,623
Buho,41.63142, -4.7912,624
Buho,41.63143, -4.79122,625
Buho,41.63144, -4.79125,626
Buho,41.63145, -4.79127,627
Buho,41.63146, -4.79129,628
Buho,41.63147, -4.79135,629
Buho,41.63147, -4.7914,630
Buho,41.63147, -4.79145,631
Buho,41.63147, -4.7915,632
Buho,41.63146, -4.79155,633
Buho,41.63144, -4.7916,634
Buho,41.63142, -4.79164,635
Buho,41.6314, -4.79168,636
Buho,41.63137, -4.79172,637
Buho,41.63134, -4.79175,638
Buho,41.6313, -4.79177,639
Buho,41.63126, -4.79179,640
Buho,41.63123, -4.7918,641
Buho,41.63119, -4.7918,642
Buho,41.63115, -4.7918,643
Buho,41.63111, -4.79179,644
Buho,41.63106, -4.79177,645
Buho,41.63074, -4.792,646
Buho,41.63055, -4.79213,647
Buho,41.63045, -4.79218,648
Buho,41.63041, -4.7922,649
Buho,41.63007, -4.79236,650
Buho,41.62992, -4.79244,651
Buho,41.62956, -4.79262,652
Buho,41.6294, -4.7927,653
Buho,41.62927, -4.79277,654
Buho,41.62923, -4.7928,655
Buho,41.62907, -4.7929,656
Buho,41.62894, -4.79299,657
Buho,41.62861, -4.79324,658
Buho,41.62845, -4.79339,659
Buho,41.62838, -4.79345,660
Buho,41.62784, -4.7939,661
Buho,41.6278, -4.79394,662
Buho,41.62741, -4.7943,663
Buho,41.62701, -4.79469,664
Buho,41.62681, -4.79488,665
Buho,41.62666, -4.79502,666
Buho,41.62652, -4.79514,667
Buho,41.62652, -4.79515,668
Buho,41.62636, -4.79527,669
Buho,41.62623, -4.79539,670
Buho,41.62606, -4.79553,671
Buho,41.62594, -4.79564,672
Buho,41.62578, -4.79577,673
Buho,41.62561, -4.79592,674
Buho,41.62534, -4.79612,675
Buho,41.6251, -4.79627,676
Buho,41.62491, -4.79636,677
Buho,41.62481, -4.79639,678
Buho,41.62471, -4.79641,679
Buho,41.62463, -4.79642,680
Buho,41.62457, -4.79643,681
Buho,41.62445, -4.79642,682
Buho,41.62439, -4.79641,683
Buho,41.62403, -4.79639,684
Buho,41.62362, -4.79627,685
Buho,41.62357, -4.79625,686
Buho,41.62323, -4.79616,687
Buho,41.62316, -4.79615,688
Buho,41.62261, -4.79592,689
Buho,41.62259, -4.79591,690
Buho,41.62235, -4.79584,691
Buho,41.62233, -4.79586,692
Buho,41.62232, -4.79587,693
Buho,41.62231, -4.79587,694
Buho,41.6223, -4.79588,695
Buho,41.62229, -4.79589,696
Buho,41.62228, -4.79589,697
Buho,41.62227, -4.7959,698
Buho,41.62226, -4.7959,699
Buho,41.62225, -4.7959,700
Buho,41.62224, -4.7959,701
Buho,41.62223, -4.7959,702
Buho,41.62222, -4.7959,703
Buho,41.62221, -4.7959,704
Buho,41.6222, -4.79589,705
Buho,41.62219, -4.79589,706
Buho,41.62218, -4.79589,707
Buho,41.62217, -4.79588,708
Buho,41.62207, -4.79608,709
Buho,41.62201, -4.79618,710
Buho,41.62192, -4.79642,711
Buho,41.6219, -4.7965,712
Buho,41.62187, -4.7966,713
Buho,41.62184, -4.79673,714
Buho,41.62183, -4.79678,715
Buho,41.6218, -4.79696,716
Buho,41.6218, -4.79697,717
Buho,41.62179, -4.79723,718
Buho,41.6218, -4.79744,719
Buho,41.62181, -4.79747,720
Buho,41.62185, -4.79778,721
Buho,41.62185, -4.79783,722
Buho,41.62191, -4.79812,723
Buho,41.62194, -4.79832,724
Buho,41.62194, -4.79838,725
Buho,41.62194, -4.79855,726
Buho,41.62194, -4.79863,727
Buho,41.62194, -4.7987,728
Buho,41.62191, -4.79895,729
Buho,41.62187, -4.79909,730
Buho,41.62182, -4.79925,731
Buho,41.6218, -4.79931,732
Buho,41.62165, -4.79962,733
Buho,41.62143, -4.7999,734
Buho,41.62129, -4.80005,735
Buho,41.62093, -4.80044,736
Buho,41.62035, -4.80104,737
Buho,41.62017, -4.80122,738
Buho,41.62036, -4.80152,739
Buho,41.62047, -4.80169,740
Buho,41.62054, -4.80179,741
Buho,41.62061, -4.80187,742
Buho,41.62063, -4.80186,743
Buho,41.62064, -4.80186,744
Buho,41.62065, -4.80186,745
Buho,41.62066, -4.80187,746
Buho,41.62067, -4.80187,747
Buho,41.62069, -4.80187,748
Buho,41.6207, -4.80188,749
Buho,41.62071, -4.80188,750
Buho,41.62072, -4.80189,751
Buho,41.62073, -4.80189,752
Buho,41.62074, -4.8019,753
Buho,41.62075, -4.80191,754
Buho,41.62075, -4.80192,755
Buho,41.62076, -4.80193,756
Buho,41.62077, -4.80195,757
Buho,41.62078, -4.80196,758
Buho,41.62078, -4.80197,759
Buho,41.62079, -4.80199,760
Buho,41.62079, -4.802,761
Buho,41.6208, -4.80202,762
Buho,41.6208, -4.80203,763
Buho,41.6208, -4.80205,764
Buho,41.6208, -4.80206,765
Buho,41.62081, -4.80208,766
Buho,41.62081, -4.80209,767
Buho,41.6208, -4.80211,768
Buho,41.6208, -4.80212,769
Buho,41.6208, -4.80213,770
Buho,41.6208, -4.80214,771
Buho,41.6208, -4.80215,772
Buho,41.62079, -4.80217,773
Buho,41.62079, -4.80218,774
Buho,41.62078, -4.80219,775
Buho,41.6208, -4.80224,776
Buho,41.62082, -4.80227,777
Buho,41.62084, -4.80235,778
Buho,41.62132, -4.80321,779
Buho,41.62172, -4.80388,780
Buho,41.62199, -4.80438,781
Buho,41.6222, -4.80476,782
Buho,41.62222, -4.80475,783
Buho,41.62223, -4.80474,784
Buho,41.62224, -4.80474,785
Buho,41.62225, -4.80473,786
Buho,41.62226, -4.80473,787
Buho,41.62227, -4.80473,788
Buho,41.62228, -4.80473,789
Buho,41.62229, -4.80473,790
Buho,41.6223, -4.80473,791
Buho,41.62231, -4.80473,792
Buho,41.62232, -4.80474,793
Buho,41.62233, -4.80474,794
Buho,41.62234, -4.80475,795
Buho,41.62235, -4.80475,796
Buho,41.62236, -4.80476,797
Buho,41.62237, -4.80477,798
Buho,41.62238, -4.80477,799
Buho,41.62238, -4.80478,800
Buho,41.62239, -4.80479,801
Buho,41.6224, -4.8048,802
Buho,41.6224, -4.80481,803
Buho,41.62241, -4.80483,804
Buho,41.62242, -4.80484,805
Buho,41.62242, -4.80485,806
Buho,41.62242, -4.80487,807
Buho,41.62243, -4.80488,808
Buho,41.62243, -4.80489,809
Buho,41.62243, -4.80491,810
Buho,41.62243, -4.80492,811
Buho,41.62243, -4.80493,812
Buho,41.62243, -4.80495,813
Buho,41.62243, -4.80496,814
Buho,41.62243, -4.80498,815
Buho,41.62243, -4.80499,816
Buho,41.62242, -4.805,817
Buho,41.62242, -4.80502,818
Buho,41.62242, -4.80503,819
Buho,41.62241, -4.80504,820
Buho,41.62241, -4.80505,821
Buho,41.6224, -4.80506,822
Buho,41.62239, -4.80507,823
Buho,41.62239, -4.80508,824
Buho,41.62238, -4.80509,825
Buho,41.62237, -4.8051,826
Buho,41.62236, -4.80511,827
Buho,41.62235, -4.80512,828
Buho,41.62234, -4.80512,829
Buho,41.62233, -4.80513,830
Buho,41.62232, -4.80513,831
Buho,41.62231, -4.80513,832
Buho,41.6223, -4.80514,833
Buho,41.62229, -4.80514,834
Buho,41.62228, -4.80514,835
Buho,41.62227, -4.80514,836
Buho,41.62226, -4.80514,837
Buho,41.62225, -4.80513,838
Buho,41.62224, -4.80513,839
Buho,41.62223, -4.80513,840
Buho,41.62222, -4.80512,841
Buho,41.62221, -4.80512,842
Buho,41.6222, -4.80511,843
Buho,41.6222, -4.8051,844
Buho,41.62218, -4.80509,845
Buho,41.62209, -4.80526,846
Buho,41.62199, -4.80545,847
Buho,41.62188, -4.80565,848
Buho,41.62167, -4.80604,849
Buho,41.62148, -4.80639,850
Buho,41.62146, -4.80643,851
Buho,41.62139, -4.80654,852
Buho,41.62133, -4.80665,853
Buho,41.62123, -4.80683,854
Buho,41.62069, -4.80774,855
Buho,41.62056, -4.80798,856
Buho,41.62037, -4.8083,857
Buho,41.62038, -4.80831,858
Buho,41.62039, -4.80831,859
Buho,41.62039, -4.80833,860
Buho,41.6204, -4.80833,861
Buho,41.6204, -4.80835,862
Buho,41.62041, -4.80836,863
Buho,41.62041, -4.80837,864
Buho,41.62042, -4.80838,865
Buho,41.62042, -4.80839,866
Buho,41.62043, -4.8084,867
Buho,41.62043, -4.80842,868
Buho,41.62043, -4.80843,869
Buho,41.62043, -4.80844,870
Buho,41.62043, -4.80845,871
Buho,41.62043, -4.80847,872
Buho,41.62043, -4.80848,873
Buho,41.62043, -4.80849,874
Buho,41.62043, -4.80851,875
Buho,41.62043, -4.80852,876
Buho,41.62042, -4.80853,877
Buho,41.62042, -4.80854,878
Buho,41.62042, -4.80855,879
Buho,41.62041, -4.80857,880
Buho,41.6207, -4.80886,881
Buho,41.62083, -4.80899,882
Buho,41.62103, -4.80919,883
Buho,41.62136, -4.80954,884
Buho,41.62171, -4.80987,885
Buho,41.62231, -4.8105,886
Buho,41.62232, -4.81051,887
Buho,41.62221, -4.8107,888
Buho,41.62181, -4.81143,889
Buho,41.62162, -4.81172,890
Buho,41.62157, -4.81178,891
Buho,41.62145, -4.81195,892
Buho,41.62141, -4.81193,893
Buho,41.62136, -4.81191,894
Buho,41.62132, -4.8119,895
Buho,41.62127, -4.8119,896
Buho,41.62122, -4.8119,897
Buho,41.62119, -4.81192,898
Buho,41.62116, -4.81193,899
Buho,41.62112, -4.81195,900
Buho,41.62104, -4.81202,901
Buho,41.62098, -4.81208,902
Buho,41.62097, -4.8121,903
Buho,41.62095, -4.81212,904
Buho,41.62092, -4.81217,905
Buho,41.62085, -4.81229,906
Buho,41.62083, -4.81232,907
Buho,41.62072, -4.81252,908
Buho,41.62069, -4.81258,909
Buho,41.62063, -4.81272,910
Buho,41.62061, -4.81275,911
Buho,41.62057, -4.81287,912
Buho,41.6205, -4.81306,913
Buho,41.62047, -4.81315,914
Buho,41.62045, -4.8132,915
Buho,41.6204, -4.81341,916
Buho,41.62037, -4.81358,917
Buho,41.62034, -4.8137,918
Buho,41.62031, -4.81377,919
Buho,41.62028, -4.81385,920
Buho,41.62024, -4.81395,921
Buho,41.62021, -4.81401,922
Buho,41.62008, -4.81422,923
Buho,41.62005, -4.81429,924
Buho,41.61997, -4.8144,925
Buho,41.61973, -4.81476,926
Buho,41.61958, -4.81447,927
Buho,41.61956, -4.81444,928
Buho,41.61935, -4.814,929
Buho,41.61897, -4.81318,930
Buho,41.61889, -4.81296,931
Buho,41.61874, -4.81252,932
Buho,41.61855, -4.81193,933
Buho,41.61854, -4.81194,934
Buho,41.61853, -4.81195,935
Buho,41.61851, -4.81195,936
Buho,41.6185, -4.81196,937
Buho,41.61849, -4.81196,938
Buho,41.61847, -4.81196,939
Buho,41.61846, -4.81197,940
Buho,41.61845, -4.81196,941
Buho,41.61843, -4.81196,942
Buho,41.61842, -4.81196,943
Buho,41.61841, -4.81195,944
Buho,41.6184, -4.81195,945
Buho,41.61839, -4.81194,946
Buho,41.61837, -4.81193,947
Buho,41.61836, -4.81193,948
Buho,41.61835, -4.81191,949
Buho,41.61828, -4.81205,950
Buho,41.61814, -4.8123,951
Buho,41.61808, -4.81245,952
Buho,41.61806, -4.81277,953
Buho,41.61807, -4.81279,954
Buho,41.61807, -4.81281,955
Buho,41.61808, -4.81282,956
Buho,41.61808, -4.81284,957
Buho,41.61808, -4.81286,958
Buho,41.61808, -4.81288,959
Buho,41.61808, -4.81289,960
Buho,41.61808, -4.81291,961
Buho,41.61808, -4.81293,962
Buho,41.61807, -4.81294,963
Buho,41.61807, -4.81296,964
Buho,41.61806, -4.81298,965
Buho,41.61806, -4.81299,966
Buho,41.61805, -4.81301,967
Buho,41.61804, -4.81302,968
Buho,41.61803, -4.81304,969
Buho,41.61803, -4.81305,970
Buho,41.61802, -4.81306,971
Buho,41.61801, -4.81307,972
Buho,41.61799, -4.81308,973
Buho,41.61798, -4.81308,974
Buho,41.61797, -4.81309,975
Buho,41.61796, -4.8131,976
Buho,41.61795, -4.8131,977
Buho,41.61793, -4.81311,978
Buho,41.61791, -4.81311,979
Buho,41.6179, -4.81311,980
Buho,41.61789, -4.8131,981
Buho,41.61787, -4.8131,982
Buho,41.61786, -4.8131,983
Buho,41.61785, -4.81309,984
Buho,41.61784, -4.81308,985
Buho,41.61783, -4.81308,986
Buho,41.61781, -4.81307,987
Buho,41.61779, -4.81305,988
Buho,41.61778, -4.81303,989
Buho,41.61777, -4.81301,990
Buho,41.61777, -4.813,991
Buho,41.61776, -4.81298,992
Buho,41.61775, -4.81297,993
Buho,41.61775, -4.81295,994
Buho,41.61774, -4.81293,995
Buho,41.61774, -4.81292,996
Buho,41.61774, -4.81289,997
Buho,41.61774, -4.81287,998
Buho,41.61774, -4.81286,999
Buho,41.61774, -4.81284,1000
Buho,41.61774, -4.81282,1001
Buho,41.61775, -4.81281,1002
Buho,41.61775, -4.81279,1003
Buho,41.61776, -4.81277,1004
Buho,41.6177, -4.81251,1005
Buho,41.6177, -4.8125,1006
Buho,41.61764, -4.81227,1007
Buho,41.61763, -4.81224,1008
Buho,41.61756, -4.81205,1009
Buho,41.61749, -4.81183,1010
Buho,41.6172, -4.81095,1011
Buho,41.61665, -4.80938,1012
Buho,41.61656, -4.80913,1013
Buho,41.61641, -4.8087,1014
Buho,41.61622, -4.80813,1015
Buho,41.61591, -4.80715,1016
Buho,41.61558, -4.80612,1017
Buho,41.61547, -4.80579,1018
Buho,41.61547, -4.80578,1019
Buho,41.61536, -4.80549,1020
Buho,41.6153, -4.80536,1021
Buho,41.61522, -4.80524,1022
Buho,41.61514, -4.80526,1023
Buho,41.61508, -4.80527,1024
Buho,41.61503, -4.80526,1025
Buho,41.61498, -4.80524,1026
Buho,41.61493, -4.80521,1027
Buho,41.61489, -4.80518,1028
Buho,41.61489, -4.80517,1029
Buho,41.61485, -4.80513,1030
Buho,41.61481, -4.80507,1031
Buho,41.61479, -4.80501,1032
Buho,41.61477, -4.80495,1033
Buho,41.61476, -4.80488,1034
Buho,41.61475, -4.80481,1035
Buho,41.61475, -4.80474,1036
Buho,41.61477, -4.80467,1037
Buho,41.61479, -4.8046,1038
Buho,41.61481, -4.80454,1039
Buho,41.61482, -4.80453,1040
Buho,41.61485, -4.80449,1041
Buho,41.61489, -4.80444,1042
Buho,41.6149, -4.80443,1043
Buho,41.61491, -4.80442,1044
Buho,41.61492, -4.80441,1045
Buho,41.61493, -4.8044,1046
Buho,41.61495, -4.80439,1047
Buho,41.61496, -4.80438,1048
Buho,41.61497, -4.80438,1049
Buho,41.61498, -4.80437,1050
Buho,41.61504, -4.80435,1051
Buho,41.61509, -4.80434,1052
Buho,41.61514, -4.80435,1053
Buho,41.61519, -4.80436,1054
Buho,41.61524, -4.80439,1055
Buho,41.61529, -4.80442,1056
Buho,41.61531, -4.80445,1057
Buho,41.61535, -4.80439,1058
Buho,41.61574, -4.80389,1059
Buho,41.61585, -4.80374,1060
Buho,41.6159, -4.80369,1061
Buho,41.61629, -4.80319,1062
Buho,41.61642, -4.80303,1063
Buho,41.61654, -4.80286,1064
Buho,41.61707, -4.8022,1065
Buho,41.61721, -4.80201,1066
Buho,41.6176, -4.80151,1067
Buho,41.61773, -4.80134,1068
Buho,41.61819, -4.80077,1069
Buho,41.61841, -4.80049,1070
Buho,41.61892, -4.79985,1071
Buho,41.61905, -4.79968,1072
Buho,41.61904, -4.79967,1073
Buho,41.61904, -4.79966,1074
Buho,41.61904, -4.79965,1075
Buho,41.61904, -4.79964,1076
Buho,41.61904, -4.79963,1077
Buho,41.61904, -4.79962,1078
Buho,41.61904, -4.79961,1079
Buho,41.61904, -4.7996,1080
Buho,41.61904, -4.79959,1081
Buho,41.61904, -4.79958,1082
Buho,41.61904, -4.79957,1083
Buho,41.61904, -4.79956,1084
Buho,41.61904, -4.79955,1085
Buho,41.61904, -4.79954,1086
Buho,41.61905, -4.79954,1087
Buho,41.61905, -4.79953,1088
Buho,41.61872, -4.79896,1089
Buho,41.61819, -4.79805,1090
Buho,41.61816, -4.79799,1091
Buho,41.61812, -4.79789,1092
Buho,41.61807, -4.79777,1093
Buho,41.61805, -4.79767,1094
Buho,41.618, -4.79744,1095
Buho,41.61799, -4.7971,1096
Buho,41.61798, -4.79658,1097
Buho,41.61797, -4.79658,1098
Buho,41.61796, -4.79657,1099
Buho,41.61795, -4.79657,1100
Buho,41.61794, -4.79656,1101
Buho,41.61793, -4.79655,1102
Buho,41.61792, -4.79655,1103
Buho,41.61792, -4.79654,1104
Buho,41.61791, -4.79654,1105
Buho,41.6179, -4.79653,1106
Buho,41.6179, -4.79652,1107
Buho,41.61789, -4.79652,1108
Buho,41.61789, -4.79651,1109
Buho,41.61763, -4.79668,1110
Buho,41.61745, -4.7968,1111
Buho,41.61635, -4.79755,1112
Buho,41.61493, -4.79852,1113
Buho,41.61475, -4.79863,1114
Buho,41.61419, -4.79901,1115
Buho,41.61403, -4.79912,1116
Buho,41.61323, -4.79967,1117
Buho,41.61319, -4.79975,1118
Buho,41.61303, -4.79986,1119
Buho,41.61297, -4.7999,1120
Buho,41.61297, -4.79993,1121
Buho,41.61298, -4.79997,1122
Buho,41.61298, -4.8,1123
Buho,41.61298, -4.80004,1124
Buho,41.61297, -4.80007,1125
Buho,41.61296, -4.8001,1126
Buho,41.61295, -4.80013,1127
Buho,41.61294, -4.80016,1128
Buho,41.61292, -4.80019,1129
Buho,41.61291, -4.80021,1130
Buho,41.61289, -4.80024,1131
Buho,41.61287, -4.80026,1132
Buho,41.61282, -4.80029,1133
Buho,41.6128, -4.8003,1134
Buho,41.61277, -4.80031,1135
Buho,41.61274, -4.80032,1136
Buho,41.61271, -4.80032,1137
Buho,41.61268, -4.80032,1138
Buho,41.61265, -4.80031,1139
Buho,41.61262, -4.80029,1140
Buho,41.61258, -4.80027,1141
Buho,41.61255, -4.80024,1142
Buho,41.61254, -4.80021,1143
Buho,41.61252, -4.80018,1144
Buho,41.61251, -4.80015,1145
Buho,41.61249, -4.80011,1146
Buho,41.61249, -4.80008,1147
Buho,41.61248, -4.80004,1148
Buho,41.61248, -4.8,1149
Buho,41.61248, -4.79997,1150
Buho,41.61249, -4.79993,1151
Buho,41.61249, -4.79989,1152
Buho,41.6125, -4.79986,1153
Buho,41.61252, -4.79983,1154
Buho,41.61255, -4.79977,1155
Buho,41.61257, -4.79959,1156
Buho,41.6126, -4.79946,1157
Buho,41.61261, -4.79942,1158
Buho,41.61262, -4.79937,1159
Buho,41.61265, -4.79929,1160
Buho,41.6127, -4.79921,1161
Buho,41.61307, -4.79847,1162
Buho,41.61308,-4.7984,1163
Buho,41.61346, -4.79768,1164
Buho,41.61347, -4.79766,1165
Buho,41.61362, -4.79738,1166
Buho,41.61371, -4.79717,1167
Buho,41.61374, -4.79707,1168
Buho,41.61376, -4.79701,1169
Buho,41.61377, -4.79694,1170
Buho,41.61378, -4.7969,1171
Buho,41.61379, -4.79679,1172
Buho,41.61378, -4.7967,1173
Buho,41.61378, -4.79659,1174
Buho,41.61376, -4.79651,1175
Buho,41.61374, -4.79642,1176
Buho,41.61372, -4.79638,1177
Buho,41.61367, -4.79629,1178
Buho,41.61362, -4.79621,1179
Buho,41.6136, -4.79619,1180
Buho,41.61358, -4.79615,1181
Buho,41.61351, -4.79606,1182
Buho,41.61331, -4.79586,1183
Buho,41.61317, -4.79573,1184
Buho,41.61313, -4.79569,1185
Buho,41.61292, -4.79551,1186
Buho,41.61283, -4.79544,1187
Buho,41.61276, -4.79538,1188
Buho,41.61267, -4.79531,1189
Buho,41.6126, -4.79525,1190
Buho,41.61244, -4.7951,1191
Buho,41.61233, -4.795,1192
Buho,41.61226, -4.79497,1193
Buho,41.6121, -4.79483,1194
Buho,41.61204, -4.79475,1195
Buho,41.61203, -4.79475,1196
Buho,41.61202, -4.79475,1197
Buho,41.61201, -4.79475,1198
Buho,41.612, -4.79475,1199
Buho,41.61199, -4.79474,1200
Buho,41.61198, -4.79473,1201
Buho,41.61197, -4.79472,1202
Buho,41.61172, -4.79468,1203
Buho,41.61162, -4.79468,1204
Buho,41.61159, -4.79469,1205
Buho,41.61151, -4.79471,1206
Buho,41.61145, -4.79474,1207
Buho,41.61143, -4.79475,1208
Buho,41.61139, -4.79477,1209
Buho,41.61135, -4.7948,1210
Buho,41.6113, -4.79484,1211
Buho,41.61125, -4.79488,1212
Buho,41.6112, -4.79492,1213
Buho,41.61116, -4.79498,1214
Buho,41.61111, -4.79504,1215
Buho,41.61108, -4.79509,1216
Buho,41.61108, -4.7951,1217
Buho,41.61104, -4.79517,1218
Buho,41.61101, -4.79524,1219
Buho,41.61099, -4.7953,1220
Buho,41.61096, -4.79539,1221
Buho,41.61094, -4.79548,1222
Buho,41.61093, -4.79556,1223
Buho,41.61092, -4.79565,1224
Buho,41.61092, -4.79574,1225
Buho,41.61092, -4.79584,1226
Buho,41.61094, -4.79593,1227
Buho,41.61095, -4.79602,1228
Buho,41.61097, -4.79609,1229
Buho,41.61101, -4.79624,1230
Buho,41.61109, -4.79647,1231
Buho,41.61118, -4.79679,1232
Buho,41.61121, -4.79688,1233
Buho,41.61122, -4.79687,1234
Buho,41.61123, -4.79687,1235
Buho,41.61123, -4.79686,1236
Buho,41.61124, -4.79686,1237
Buho,41.61125, -4.79685,1238
Buho,41.61126, -4.79685,1239
Buho,41.61127, -4.79685,1240
Buho,41.61128, -4.79685,1241
Buho,41.61128, -4.79684,1242
Buho,41.61129, -4.79684,1243
Buho,41.6113, -4.79685,1244
Buho,41.61131, -4.79685,1245
Buho,41.61132, -4.79685,1246
Buho,41.61132, -4.79686,1247
Buho,41.61133, -4.79686,1248
Buho,41.61134, -4.79686,1249
Buho,41.61134, -4.79687,1250
Buho,41.61135, -4.79687,1251
Buho,41.61135, -4.79688,1252
Buho,41.61136, -4.79688,1253
Buho,41.61136, -4.79689,1254
Buho,41.61137, -4.79689,1255
Buho,41.61137, -4.7969,1256
Buho,41.61137, -4.79691,1257
Buho,41.61138, -4.79692,1258
Buho,41.61138, -4.79693,1259
Buho,41.61138, -4.79694,1260
Buho,41.61139, -4.79695,1261
Buho,41.61139, -4.79696,1262
Buho,41.61139, -4.79697,1263
Buho,41.61139, -4.79698,1264
Buho,41.61139, -4.79699,1265
Buho,41.61139, -4.797,1266
Buho,41.61139, -4.79701,1267
Buho,41.61139, -4.79702,1268
Buho,41.61139, -4.79703,1269
Buho,41.61138, -4.79703,1270
Buho,41.61138, -4.79704,1271
Buho,41.61138, -4.79705,1272
Buho,41.61138, -4.79706,1273
Buho,41.61137, -4.79706,1274
Buho,41.61137, -4.79707,1275
Buho,41.61137, -4.79708,1276
Buho,41.61136, -4.79708,1277
Buho,41.61136, -4.79709,1278
Buho,41.61135, -4.79709,1279
Buho,41.61135, -4.7971,1280
Buho,41.61134, -4.79711,1281
Buho,41.61133, -4.79712,1282
Buho,41.61132, -4.79712,1283
Buho,41.61131, -4.79712,1284
Buho,41.61131, -4.79713,1285
Buho,41.6113, -4.79713,1286
Buho,41.61129, -4.79713,1287
Buho,41.61128, -4.79713,1288
Buho,41.61127, -4.79713,1289
Buho,41.61126, -4.79713,1290
Buho,41.61126, -4.79712,1291
Buho,41.61125, -4.79712,1292
Buho,41.61124, -4.79712,1293
Buho,41.61123, -4.79711,1294
Buho,41.61122, -4.79711,1295
Buho,41.61122, -4.7971,1296
Buho,41.61121, -4.79709,1297
Buho,41.61117, -4.79711,1298
Buho,41.61121, -4.79709,1299
Buho,41.61121, -4.79708,1300
Buho,41.6112, -4.79708,1301
Buho,41.6112, -4.79707,1302
Buho,41.61119, -4.79706,1303
Buho,41.61119, -4.79705,1304
Buho,41.61119, -4.79704,1305
Buho,41.61118, -4.79704,1306
Buho,41.61118, -4.79703,1307
Buho,41.61118, -4.79702,1308
Buho,41.61118, -4.79701,1309
Buho,41.61118, -4.797,1310
Buho,41.61118, -4.79699,1311
Buho,41.61118, -4.79698,1312
Buho,41.61118, -4.79697,1313
Buho,41.61118, -4.79696,1314
Buho,41.61118, -4.79695,1315
Buho,41.61118, -4.79694,1316
Buho,41.61119, -4.79693,1317
Buho,41.61119, -4.79692,1318
Buho,41.61119, -4.79691,1319
Buho,41.6112, -4.79691,1320
Buho,41.6112, -4.7969,1321
Buho,41.6112, -4.79689,1322
Buho,41.61121, -4.79689,1323
Buho,41.61121, -4.79688,1324
Buho,41.61118, -4.79679,1325
Buho,41.61109, -4.79647,1326
Buho,41.61101, -4.79624,1327
Buho,41.61097, -4.79609,1328
Buho,41.61095, -4.79602,1329
Buho,41.61094, -4.79593,1330
Buho,41.61092, -4.79584,1331
Buho,41.61092, -4.79574,1332
Buho,41.61092, -4.79565,1333
Buho,41.61093, -4.79556,1334
Buho,41.61094, -4.79548,1335
Buho,41.61096, -4.79539,1336
Buho,41.61099, -4.7953,1337
Buho,41.61101, -4.79524,1338
Buho,41.61104, -4.79517,1339
Buho,41.61108, -4.7951,1340
Buho,41.61108, -4.79509,1341
Buho,41.61111, -4.79504,1342
Buho,41.61116, -4.79498,1343
Buho,41.6112, -4.79492,1344
Buho,41.61125, -4.79488,1345
Buho,41.6113, -4.79484,1346
Buho,41.61135, -4.7948,1347
Buho,41.61139, -4.79477,1348
Buho,41.61143, -4.79475,1349
Buho,41.61145, -4.79474,1350
Buho,41.61151, -4.79471,1351
Buho,41.61159, -4.79469,1352
Buho,41.61162, -4.79468,1353
Buho,41.61164, -4.79461,1354
Buho,41.61165, -4.79457,1355
Buho,41.61166, -4.79454,1356
Buho,41.61166, -4.79451,1357
Buho,41.61166, -4.79448,1358
Buho,41.61165, -4.79437,1359
Buho,41.61158, -4.79434,1360
Buho,41.61151, -4.7943,1361
Buho,41.61142, -4.79423,1362
Buho,41.61136, -4.79418,1363
Buho,41.61127, -4.79409,1364
Buho,41.61126, -4.7941,1365
Buho,41.61124, -4.79411,1366
Buho,41.61123, -4.79411,1367
Buho,41.61122, -4.79412,1368
Buho,41.61121, -4.79412,1369
Buho,41.6112, -4.79412,1370
Buho,41.61118, -4.79412,1371
Buho,41.61117, -4.79412,1372
Buho,41.61116, -4.79412,1373
Buho,41.61115, -4.79412,1374
Buho,41.61113, -4.79411,1375
Buho,41.61112, -4.79411,1376
Buho,41.61111, -4.7941,1377
Buho,41.6111, -4.79409,1378
Buho,41.61109, -4.79408,1379
Buho,41.61108, -4.79407,1380
Buho,41.61107, -4.79406,1381
Buho,41.61106, -4.79405,1382
Buho,41.61105, -4.79404,1383
Buho,41.61105, -4.79403,1384
Buho,41.61104, -4.79401,1385
Buho,41.61103, -4.794,1386
Buho,41.61103, -4.79398,1387
Buho,41.61102, -4.79396,1388
Buho,41.61102, -4.79395,1389
Buho,41.61102, -4.79393,1390
Buho,41.61102, -4.79391,1391
Buho,41.61102, -4.7939,1392
Buho,41.61102, -4.79388,1393
Buho,41.61102, -4.79386,1394
Buho,41.61102, -4.79385,1395
Buho,41.61102, -4.79383,1396
Buho,41.61103, -4.79382,1397
Buho,41.61103, -4.7938,1398
Buho,41.61104, -4.79379,1399
Buho,41.61104, -4.79377,1400
Buho,41.61105, -4.79376,1401
Buho,41.61106, -4.79375,1402
Buho,41.61107, -4.79373,1403
Buho,41.61108, -4.79372,1404
Buho,41.61109, -4.79371,1405
Buho,41.6111, -4.7937,1406
Buho,41.61111, -4.7937,1407
Buho,41.61112, -4.79369,1408
Buho,41.61111, -4.79352,1409
Buho,41.61109, -4.79328,1410
Buho,41.61105, -4.79256,1411
Buho,41.61103, -4.79232,1412
Buho,41.61101, -4.79232,1413
Buho,41.611, -4.79232,1414
Buho,41.61098, -4.79231,1415
Buho,41.61097, -4.79231,1416
Buho,41.61095, -4.7923,1417
Buho,41.61094, -4.7923,1418
Buho,41.61092, -4.79229,1419
Buho,41.61091, -4.79228,1420
Buho,41.6109, -4.79226,1421
Buho,41.61089, -4.79225,1422
Buho,41.61087, -4.79223,1423
Buho,41.61086, -4.79222,1424
Buho,41.61086, -4.7922,1425
Buho,41.61085, -4.79218,1426
Buho,41.61084, -4.79216,1427
Buho,41.61084, -4.79214,1428
Buho,41.61083, -4.79212,1429
Buho,41.61083, -4.7921,1430
Buho,41.61083, -4.79208,1431
Buho,41.61083, -4.79206,1432
Buho,41.61083, -4.79204,1433
Buho,41.61083, -4.79201,1434
Buho,41.61083, -4.79199,1435
Buho,41.61084, -4.79197,1436
Buho,41.61085, -4.79196,1437
Buho,41.61085, -4.79194,1438
Buho,41.61086, -4.79192,1439
Buho,41.61087, -4.7919,1440
Buho,41.61088, -4.79189,1441
Buho,41.61089, -4.79187,1442
Buho,41.61091, -4.79186,1443
Buho,41.61092, -4.79185,1444
Buho,41.61093, -4.79184,1445
Buho,41.61095, -4.79183,1446
Buho,41.61096, -4.79182,1447
Buho,41.61098, -4.79182,1448
Buho,41.61099, -4.79182,1449
Buho,41.61101, -4.79182,1450
Buho,41.61096, -4.79118,1451
Buho,41.61096, -4.79108,1452
Buho,41.61095, -4.79094,1453
Buho,41.61094, -4.79087,1454
Buho,41.61094, -4.79082,1455
Buho,41.61095, -4.79077,1456
Buho,41.61097, -4.7907,1457
Buho,41.61115, -4.79029,1458
Buho,41.61142, -4.78968,1459
Buho,41.61161, -4.78925,1460
Buho,41.61225, -4.7878,1461
Buho,41.61235, -4.7876,1462
Buho,41.61245, -4.78736,1463
Buho,41.61245, -4.78735,1464
Buho,41.6126, -4.787,1465
Buho,41.61278, -4.78662,1466
Buho,41.61279, -4.78659,1467
Buho,41.61289, -4.78636,1468
Buho,41.613, -4.78612,1469
Buho,41.61302, -4.78609,1470
Buho,41.61305, -4.78606,1471
Buho,41.61311, -4.78599,1472
Buho,41.61332, -4.78579,1473
Buho,41.61349, -4.78564,1474
Buho,41.61333, -4.7853,1475
Buho,41.61304, -4.78469,1476
Buho,41.61298, -4.78473,1477
Buho,41.61297, -4.78474,1478
Buho,41.61286, -4.78479,1479
Buho,41.61281, -4.78482,1480
Buho,41.61274, -4.78485,1481
Buho,41.61265, -4.78484,1482
Buho,41.61258, -4.78482,1483
Buho,41.61255, -4.78481,1484
Buho,41.61245, -4.78478,1485
Buho,41.61243, -4.78478,1486
Buho,41.61238, -4.78475,1487
Buho,41.61237, -4.78475,1488
Buho,41.61184, -4.78432,1489
Buho,41.61194, -4.78408,1490
Buho,41.61216, -4.78359,1491
Buho,41.61219, -4.78354,1492
Buho,41.61227, -4.78341,1493
Buho,41.61235, -4.7833,1494
Buho,41.61242, -4.78322,1495
Buho,41.61247, -4.78316,1496
Buho,41.6125, -4.78313,1497
Buho,41.61279, -4.78288,1498
Buho,41.61293, -4.78277,1499
Buho,41.61372, -4.78209,1500
Buho,41.61433, -4.78158,1501
Buho,41.61525, -4.78081,1502
Buho,41.61603, -4.78017,1503
Buho,41.61667, -4.77963,1504
Buho,41.61686, -4.77947,1505
Buho,41.61703, -4.77933,1506
Buho,41.61717, -4.77922,1507
Buho,41.61736, -4.77905,1508
Buho,41.61739, -4.77903,1509
Buho,41.61744, -4.77898,1510
Buho,41.6175, -4.77893,1511
Buho,41.61752, -4.77891,1512
Buho,41.61759, -4.77882,1513
Buho,41.61771, -4.77866,1514
Buho,41.61772, -4.77865,1515
Buho,41.61773, -4.77863,1516
Buho,41.61777, -4.77857,1517
Buho,41.61777, -4.77855,1518
Buho,41.61778, -4.77852,1519
Buho,41.6178, -4.77843,1520
Buho,41.61781, -4.77842,1521
Buho,41.61784, -4.7783,1522
Buho,41.61787, -4.77823,1523
Buho,41.61787, -4.77821,1524
Buho,41.61794, -4.77798,1525
Buho,41.61796, -4.77795,1526
Buho,41.61806, -4.77763,1527
Buho,41.61844, -4.77653,1528
Buho,41.61853, -4.77627,1529
Buho,41.61863, -4.77594,1530
Buho,41.61872, -4.77569,1531
Buho,41.61873, -4.77565,1532
Buho,41.61883, -4.77536,1533
Buho,41.61895, -4.77503,1534
Buho,41.61903, -4.77474,1535
Buho,41.61903, -4.77473,1536
Buho,41.61904, -4.77472,1537
Buho,41.61905, -4.77471,1538
Buho,41.61905, -4.7747,1539
Buho,41.61906, -4.77469,1540
Buho,41.61908, -4.77469,1541
Buho,41.6191, -4.77468,1542
Buho,41.61915, -4.77466,1543
Buho,41.62074, -4.77409,1544
Buho,41.62099, -4.77401,1545
Buho,41.62104, -4.774,1546
Buho,41.62108, -4.77399,1547
Buho,41.6211, -4.774,1548
Buho,41.62112, -4.774,1549
Buho,41.62115, -4.77401,1550
Buho,41.62117, -4.77402,1551
Buho,41.62177, -4.7744,1552
Buho,41.6218, -4.77442,1553
Buho,41.62194, -4.77442,1554
Buho,41.62194, -4.77441,1555
Buho,41.62194, -4.7744,1556
Buho,41.62195, -4.77438,1557
Buho,41.62196, -4.77437,1558
Buho,41.62196, -4.77436,1559
Buho,41.62197, -4.77435,1560
Buho,41.62198, -4.77434,1561
Buho,41.62199, -4.77433,1562
Buho,41.622, -4.77433,1563
Buho,41.62201, -4.77432,1564
Buho,41.62202, -4.77432,1565
Buho,41.62203, -4.77431,1566
Buho,41.62204, -4.77431,1567
Buho,41.62205, -4.77431,1568
Buho,41.62206, -4.77431,1569
Buho,41.62207, -4.77431,1570
Buho,41.62208, -4.77431,1571
Buho,41.62209, -4.77431,1572
Buho,41.62211, -4.77432,1573
Buho,41.62212, -4.77432,1574
Buho,41.62214, -4.77433,1575
Buho,41.62215, -4.77435,1576
Buho,41.62222, -4.77422,1577
Buho,41.62279, -4.77262,1578
Buho,41.62306, -4.77184,1579
Buho,41.62309, -4.77173,1580
Buho,41.62388, -4.76946,1581
Buho,41.62397, -4.76922,1582
Buho,41.62402, -4.7691,1583
Buho,41.62411, -4.76889,1584
Buho,41.62409, -4.76886,1585
Buho,41.62406, -4.76883,1586
Buho,41.62404, -4.7688,1587
Buho,41.62402, -4.76877,1588
Buho,41.62401, -4.76873,1589
Buho,41.624, -4.76869,1590
Buho,41.62399, -4.76865,1591
Buho,41.62398, -4.76861,1592
Buho,41.62398, -4.76858,1593
Buho,41.62399, -4.76855,1594
Buho,41.62399, -4.76852,1595
Buho,41.624, -4.7685,1596
Buho,41.62401, -4.76847,1597
Buho,41.62403, -4.76845,1598
Buho,41.62404, -4.76843,1599
Buho,41.62405, -4.76841,1600
Buho,41.62408, -4.76838,1601
Buho,41.62409, -4.76837,1602
Buho,41.62412, -4.76835,1603
Buho,41.62414, -4.76834,1604
Buho,41.62416, -4.76833,1605
Buho,41.62418, -4.76833,1606
Buho,41.62421, -4.76833,1607
Buho,41.62423, -4.76833,1608
Buho,41.62425, -4.76833,1609
Buho,41.62428, -4.76834,1610
Buho,41.62435, -4.76814,1611
Buho,41.62435, -4.76804,1612
Buho,41.62435, -4.76802,1613
Buho,41.62435, -4.768,1614
Buho,41.62454, -4.76744,1615
Buho,41.62465, -4.76711,1616
Buho,41.62466, -4.76709,1617
Buho,41.62467, -4.76706,1618
Buho,41.62469, -4.76702,1619
Buho,41.62471, -4.76699,1620
Buho,41.62478, -4.7669,1621
Buho,41.62488, -4.7666,1622
Buho,41.62499, -4.76628,1623
Buho,41.625, -4.76623,1624
Buho,41.62502, -4.76618,1625
Buho,41.62517, -4.76577,1626
Buho,41.6254, -4.76504,1627
Buho,41.62608, -4.76309,1628
Buho,41.6263, -4.76242,1629
Buho,41.62633, -4.76233,1630
Buho,41.6266, -4.76155,1631
Buho,41.62693, -4.7606,1632
Buho,41.62694, -4.76058,1633
Buho,41.62725, -4.75972,1634
Buho,41.6274, -4.75931,1635
Buho,41.62773, -4.75838,1636
Buho,41.62784, -4.75805,1637
Buho,41.62789, -4.75788,1638
Buho,41.62793, -4.75778,1639
Buho,41.62805, -4.75741,1640
Buho,41.62821, -4.75694,1641
Buho,41.62832, -4.75663,1642
Buho,41.6285, -4.75615,1643
Buho,41.62864, -4.75583,1644
Buho,41.62888, -4.75533,1645
Buho,41.62892, -4.75527,1646
Buho,41.62906, -4.75501,1647
Buho,41.62926, -4.7547,1648
Buho,41.62944, -4.75444,1649
Buho,41.62962, -4.7542,1650
Buho,41.62963, -4.75419,1651
Buho,41.62995, -4.75383,1652
Buho,41.6302, -4.75357,1653
Buho,41.63041, -4.75336,1654
Buho,41.63074, -4.75302,1655
Buho,41.6312, -4.75256,1656
Buho,41.63278, -4.75097,1657
Buho,41.63306, -4.75066,1658
Buho,41.63308, -4.75064,1659
Buho,41.63316, -4.75054,1660
Buho,41.63339, -4.75024,1661
Buho,41.6335, -4.7501,1662
Buho,41.63366, -4.74971,1663
Buho,41.63366, -4.74969,1664
Buho,41.63367, -4.74965,1665
Buho,41.63368, -4.74961,1666
Buho,41.63369, -4.74957,1667
Buho,41.63372, -4.74951,1668
Buho,41.63373, -4.74912,1669
Buho,41.63374, -4.7491,1670
Buho,41.63374, -4.74909,1671
Buho,41.63374, -4.74908,1672
Buho,41.63375, -4.74907,1673
Buho,41.63375, -4.74906,1674
Buho,41.63376, -4.74905,1675
Buho,41.63374, -4.74891,1676
Buho,41.63372, -4.74867,1677
Buho,41.63365, -4.74816,1678
Buho,41.63363, -4.74797,1679
Buho,41.63359, -4.74753,1680
Buho,41.63357, -4.74742,1681
Buho,41.63355, -4.74723,1682
Buho,41.63354, -4.74714,1683
Buho,41.63349, -4.74667,1684
Buho,41.63334, -4.74523,1685
Buho,41.63326, -4.74454,1686
Buho,41.63326, -4.74447,1687
Buho,41.63319, -4.74425,1688
Buho,41.63311, -4.74354,1689
Buho,41.63308, -4.7433,1690
Buho,41.63305, -4.74306,1691
Buho,41.633, -4.74259,1692
Buho,41.633, -4.74258,1693
Buho,41.63299, -4.74249,1694
Buho,41.63296, -4.74212,1695
Buho,41.63288, -4.74147,1696
Buho,41.63281, -4.74077,1697
Buho,41.63275, -4.74024,1698
Buho,41.63274, -4.7401,1699
Buho,41.63282, -4.74009,1700
Buho,41.63294, -4.74006,1701
Buho,41.6333, -4.74,1702
Buho,41.63349, -4.73997,1703
Buho,41.63378, -4.73993,1704
Buho,41.63393, -4.7399,1705
Buho,41.63396, -4.7399,1706
Buho,41.6345, -4.73979,1707
Buho,41.63518, -4.73967,1708
Buho,41.63526, -4.73965,1709
Buho,41.63539, -4.73961,1710
Buho,41.63547, -4.73959,1711
Buho,41.63561, -4.73954,1712
Buho,41.63575, -4.73949,1713
Buho,41.63671, -4.73918,1714
Buho,41.63729, -4.73898,1715
Buho,41.6374, -4.73894,1716
Buho,41.63759, -4.73888,1717
Buho,41.63762, -4.73887,1718
Buho,41.63772, -4.73883,1719
Buho,41.63787, -4.73877,1720
Buho,41.6381, -4.73868,1721
Buho,41.6383, -4.7386,1722
Buho,41.63875, -4.73842,1723
Buho,41.63881, -4.73839,1724
Buho,41.63898, -4.73832,1725
Buho,41.63922, -4.73823,1726
Buho,41.6399, -4.73795,1727
Buho,41.6402, -4.73784,1728
Buho,41.6405, -4.73772,1729
Buho,41.64076, -4.73761,1730
Buho,41.64083, -4.73759,1731
Buho,41.64109, -4.73746,1732
Buho,41.64111, -4.73745,1733
Buho,41.64159, -4.73726,1734
Buho,41.64169, -4.73722,1735
Buho,41.64187, -4.73714,1736
Buho,41.64191, -4.73712,1737
Buho,41.64209, -4.73703,1738
Buho,41.64229, -4.73692,1739
Buho,41.64269, -4.73662,1740
Buho,41.64279, -4.73651,1741
Buho,41.64284, -4.73645,1742
Buho,41.64301, -4.73623,1743
Buho,41.64347, -4.73564,1744
Buho,41.64388, -4.73511,1745
Buho,41.644, -4.73494,1746
Buho,41.64406, -4.73485,1747
Buho,41.64431, -4.73454,1748
Buho,41.64456, -4.73422,1749
Buho,41.6448, -4.73392,1750
Buho,41.64495, -4.73372,1751
Buho,41.64508, -4.73354,1752
Buho,41.64565, -4.73286,1753
Buho,41.64638, -4.73193,1754
Buho,41.64652, -4.73177,1755
Buho,41.64705, -4.7311,1756
Buho,41.64718, -4.73094,1757
Buho,41.64723, -4.73089,1758
Buho,41.64725, -4.73087,1759
Buho,41.64727, -4.73086,1760
Buho,41.64729, -4.73085,1761
Buho,41.64732, -4.73086,1762
Buho,41.64736, -4.73087,1763
Buho,41.6478, -4.73152,1764
Buho,41.64815, -4.73203,1765
Buho,41.6485, -4.73256,1766
Buho,41.64861, -4.73272,1767
Buho,41.64867, -4.73278,1768
Buho,41.64872, -4.73283,1769
Buho,41.6488, -4.73289,1770
Buho,41.6489, -4.73293,1771
Buho,41.64895, -4.73294,1772
Buho,41.649, -4.73295,1773
Buho,41.64905, -4.73295,1774
Buho,41.64909, -4.73294,1775
Buho,41.64915, -4.73293,1776
Buho,41.6493, -4.73289,1777
Buho,41.6496, -4.73281,1778
Buho,41.64976, -4.73276,1779
Buho,41.64982, -4.73274,1780
Buho,41.65012, -4.73266,1781
Buho,41.65023, -4.73264,1782
Buho,41.65037, -4.73262,1783
Buho,41.65071, -4.73256,1784
Buho,41.65103, -4.73252,1785
Buho,41.65134, -4.73247,1786
Buho,41.65145, -4.73246,1787
Buho,41.65162, -4.73243,1788
Buho,41.65243, -4.73231,1789
Buho,41.6526, -4.73228,1790
Buho,41.65271, -4.73226,1791
Buho,41.65277, -4.73225,1792
Buho,41.65322, -4.73218,1793
Buho,41.65329, -4.73217,1794
Buho,41.65346, -4.73215,1795
Buho,41.65362, -4.73212,1796
Buho,41.65362, -4.73184,1797
Buho,41.65356, -4.73116,1798
Buho,41.65354, -4.73099,1799
Buho,41.65352, -4.7307,1800
Buho,41.65347, -4.73062,1801
Buho,41.65343, -4.73056,1802
Buho,41.65342, -4.73053,1803
Buho,41.65338, -4.73049,1804
Buho,41.65336, -4.73047,1805
Buho,41.65332, -4.73044,1806
Buho,41.65328, -4.73042,1807
Buho,41.65324, -4.7304,1808
Buho,41.65318, -4.73038,1809
Buho,41.65316, -4.73038,1810
Buho,41.65311, -4.73037,1811
Buho,41.65308, -4.73038,1812
Buho,41.65305, -4.7304,1813
Buho,41.65303, -4.7304,1814
Buho,41.65297, -4.73043,1815
Buho,41.6529, -4.73047,1816
Buho,41.65284, -4.73052,1817
Buho,41.65279, -4.73058,1818
Buho,41.65276, -4.73064,1819
Buho,41.65273, -4.73069,1820
Buho,41.65271, -4.73074,1821
Buho,41.65269, -4.7308,1822
Buho,41.65267, -4.73086,1823
Buho,41.6527, -4.7313,1824
Buho,41.65271, -4.73143,1825
Buho,41.65274, -4.73177,1826
Buho,41.65277, -4.73225,1827
Buho,41.65271, -4.73239,1828
Buho,41.65261, -4.7324,1829
Buho,41.65252, -4.73242,1830
Buho,41.65198, -4.7325,1831
Buho,41.65162, -4.73255,1832
Buho,41.65146, -4.73258,1833
Buho,41.65134, -4.73259,1834
Buho,41.65104, -4.73264,1835
Buho,41.65072, -4.73268,1836
Buho,41.65038, -4.73274,1837
Buho,41.65024, -4.73276,1838
Buho,41.65014, -4.73278,1839
Buho,41.64985, -4.73286,1840
Buho,41.64979, -4.73288,1841
Buho,41.64961, -4.73293,1842
Buho,41.64941, -4.73297,1843
Buho,41.64924, -4.73302,1844
Buho,41.64912, -4.73305,1845
Buho,41.64905, -4.73305,1846
Buho,41.64896, -4.73304,1847
Buho,41.6489, -4.73303,1848
Buho,41.64886, -4.73301,1849
Buho,41.64879, -4.73298,1850
Buho,41.64873, -4.73294,1851
Buho,41.64865, -4.73289,1852
Buho,41.6486, -4.73283,1853
Buho,41.64853, -4.73274,1854
Buho,41.64844, -4.73264,1855
Buho,41.6481, -4.7321,1856
Buho,41.64774, -4.73158,1857
Buho,41.64742, -4.73107,1858
Buho,41.64732, -4.73094,1859
Buho,41.64726, -4.73101,1860
Buho,41.64713, -4.73116,1861
Buho,41.64665, -4.73175,1862
Buho,41.64656, -4.73186,1863
Buho,41.64644, -4.73201,1864
Buho,41.64571, -4.73293,1865
Buho,41.64514, -4.73365,1866
Buho,41.64508, -4.73354,1867
Buho,41.64507, -4.73354,1868
Buho,41.64487, -4.73315,1869
Buho,41.64479, -4.73299,1870
Buho,41.64474, -4.73288,1871
Buho,41.64471, -4.73282,1872
Buho,41.6447, -4.7328,1873
Buho,41.64467, -4.73275,1874
Buho,41.64464, -4.73266,1875
Buho,41.64459, -4.73255,1876
Buho,41.64456, -4.73247,1877
Buho,41.64454, -4.7324,1878
Buho,41.64452, -4.73231,1879
Buho,41.64449, -4.73222,1880
Buho,41.64448, -4.73214,1881
Buho,41.64446, -4.73206,1882
Buho,41.64445, -4.73199,1883
Buho,41.64443, -4.7319,1884
Buho,41.64441, -4.73178,1885
Buho,41.64438, -4.73156,1886
Buho,41.64436, -4.7314,1887
Buho,41.64423, -4.73143,1888
Buho,41.64382, -4.73157,1889
Buho,41.6435, -4.7317,1890
Buho,41.64326, -4.73182,1891
Buho,41.64309, -4.7319,1892
Buho,41.6429, -4.73196,1893
Buho,41.64282, -4.73199,1894
Buho,41.64279, -4.73199,1895
Buho,41.64275, -4.732,1896
Buho,41.64259, -4.73201,1897
Buho,41.64245, -4.73202,1898
Buho,41.64241, -4.73197,1899
Buho,41.64231, -4.73184,1900
Buho,41.6421, -4.73177,1901
Buho,41.64202, -4.73173,1902
Buho,41.64181, -4.73166,1903
Buho,41.64147, -4.73156,1904
Buho,41.64137, -4.73154,1905
Buho,41.641201, -4.731545,1906
Buho,41.64114, -4.7325,1907
Buho,41.641407, -4.732529,1908
Verde_vuelta,41.651072,-4.7198717,0
Verde_vuelta,41.651342,-4.7194613,1
Verde_vuelta,41.6516767,-4.7189383,2
Verde_vuelta,41.6519553,-4.7185252,3
Verde_vuelta,41.6521457,-4.7182785,4
Verde_vuelta,41.6522459,-4.7182007,5
Verde_vuelta,41.6523922,-4.7181953,6
Verde_vuelta,41.6525946,-4.7181283,7
Verde_vuelta,41.653771,-4.7178064,8
Verde_vuelta,41.6541077,-4.717734,9
Verde_vuelta,41.6541338,-4.7176348,10
Verde_vuelta,41.6541638,-4.7174443,11
Verde_vuelta,41.6542239,-4.71727,12
Verde_vuelta,41.6543201,-4.7170769,13
Verde_vuelta,41.6544604,-4.7168328,14
Verde_vuelta,41.654733,-4.7163097,15
Verde_vuelta,41.6550256,-4.7157411,16
Verde_vuelta,41.6560196,-4.7138126,17
Verde_vuelta,41.6561137,-4.7136356,18
Verde_vuelta,41.6561779,-4.7135578,19
Verde_vuelta,41.6562761,-4.7135042,20
Verde_vuelta,41.6564224,-4.7134505,21
Verde_vuelta,41.6565526,-4.7134317,22
Verde_vuelta,41.6566929,-4.7134505,23
Verde_vuelta,41.6567971,-4.7134854,24
Verde_vuelta,41.6568993,-4.7135578,25
Verde_vuelta,41.65726,-4.7138931,26
Verde_vuelta,41.6581057,-4.7146387,27
Verde_vuelta,41.6589473,-4.7153871,28
Verde_vuelta,41.6589994,-4.7153012,29
Verde_vuelta,41.6591257,-4.7150116,30
Verde_vuelta,41.6595465,-4.7141157,31
Verde_vuelta,41.6596347,-4.7139789,32
Verde_vuelta,41.6604002,-4.7127558,33
Verde_vuelta,41.6606547,-4.7123615,34
Verde_vuelta,41.66137,-4.7112565,35
Verde_vuelta,41.6619972,-4.7103123,36
Verde_vuelta,41.6630633,-4.7086762,37
Verde_vuelta,41.6635261,-4.7079547,38
Verde_vuelta,41.6644659,-4.7064955,39
Verde_vuelta,41.665061,-4.7055165,40
Verde_vuelta,41.6659607,-4.7041567,41
Verde_vuelta,41.6660228,-4.7040386,42
Verde_vuelta,41.6660609,-4.7039206,43
Verde_vuelta,41.6660829,-4.7037838,44
Verde_vuelta,41.6660448,-4.7036417,45
Verde_vuelta,41.6659727,-4.7034727,46
Verde_vuelta,41.6659166,-4.7033037,47
Verde_vuelta,41.6658445,-4.7031696,48
Verde_vuelta,41.665047,-4.7021021,49
Verde_vuelta,41.6635802,-4.6996344,50
Verde_vuelta,41.6625463,-4.6977891,51
Verde_vuelta,41.6620253,-4.6970273,52
Verde_vuelta,41.6614081,-4.6962012,53
Verde_vuelta,41.6609432,-4.6957077,54
Verde_vuelta,41.6604222,-4.6951283,55
Verde_vuelta,41.6599493,-4.6946563,56
Verde_vuelta,41.6597168,-4.6944631,57
Verde_vuelta,41.6595205,-4.6943129,58
Verde_vuelta,41.659268,-4.6940769,59
Verde_vuelta,41.658958,-4.6938827,60
Verde_vuelta,41.6583165,-4.6934526,61
Verde_vuelta,41.6575951,-4.6930664,62
Verde_vuelta,41.6571302,-4.692884,63
Verde_vuelta,41.656545,-4.6926587,64
Verde_vuelta,41.6561683,-4.6925407,65
Verde_vuelta,41.6554388,-4.692369,66
Verde_vuelta,41.6548376,-4.6922939,67
Verde_vuelta,41.6541322,-4.692251,68
Verde_vuelta,41.6535951,-4.6922725,69
Verde_vuelta,41.65309,-4.6923261,70
Verde_vuelta,41.6527533,-4.6923797,71
Verde_vuelta,41.652116,-4.6924924,72
Verde_vuelta,41.6517112,-4.6925943,73
Verde_vuelta,41.651391,-4.6926666,74
Verde_vuelta,41.6508298,-4.6929241,75
Verde_vuelta,41.6501804,-4.6932245,76
Verde_vuelta,41.6496112,-4.6935142,77
Verde_vuelta,41.6489539,-4.6939219,78
Verde_vuelta,41.6482403,-4.6943618,79
Verde_vuelta,41.6470057,-4.6951557,80
Verde_vuelta,41.6464445,-4.6954991,81
Verde_vuelta,41.6458192,-4.695896,82
Verde_vuelta,41.6452098,-4.6963574,83
Verde_vuelta,41.6450816,-4.6964539,84
Verde_vuelta,41.6448651,-4.6966792,85
Verde_vuelta,41.6446406,-4.6969904,86
Verde_vuelta,41.6444402,-4.6972908,87
Verde_vuelta,41.6443921,-4.6974302,88
Verde_vuelta,41.6442237,-4.6977414,89
Verde_vuelta,41.6440473,-4.6982886,90
Verde_vuelta,41.6437507,-4.6992649,91
Verde_vuelta,41.6435582,-4.6998442,92
Verde_vuelta,41.6433498,-4.7002734,93
Verde_vuelta,41.6431012,-4.700724,94
Verde_vuelta,41.6428767,-4.7010995,95
Verde_vuelta,41.6426523,-4.7013999,96
Verde_vuelta,41.6424117,-4.7016681,97
Verde_vuelta,41.6421231,-4.7019578,98
Verde_vuelta,41.6418264,-4.7022046,99
Verde_vuelta,41.6414656,-4.7024406,100
Verde_vuelta,41.6411529,-4.7026123,101
Verde_vuelta,41.6408001,-4.7027625,102
Verde_vuelta,41.6404714,-4.7028698,103
Verde_vuelta,41.6399342,-4.7029234,104
Verde_vuelta,41.639405,-4.7029341,105
Verde_vuelta,41.6387796,-4.7028161,106
Verde_vuelta,41.6380339,-4.7025908,107
Verde_vuelta,41.6375448,-4.7024621,108
Verde_vuelta,41.6368071,-4.7022368,109
Verde_vuelta,41.6363019,-4.7020973,110
Verde_vuelta,41.6359692,-4.7020436,111
Verde_vuelta,41.6357126,-4.7020222,112
Verde_vuelta,41.6354319,-4.7020544,113
Verde_vuelta,41.6351272,-4.7020651,114
Verde_vuelta,41.6346461,-4.7021831,115
Verde_vuelta,41.6342692,-4.7023226,116
Verde_vuelta,41.6339404,-4.7025372,117
Verde_vuelta,41.6334914,-4.7029127,118
Verde_vuelta,41.6331896,-4.7032315,119
Verde_vuelta,41.6329972,-4.703489,120
Verde_vuelta,41.6329731,-4.7037196,121
Verde_vuelta,41.6328969,-4.7040737,122
Verde_vuelta,41.6328889,-4.7043258,123
Verde_vuelta,41.6330132,-4.7046369,124
Verde_vuelta,41.6332698,-4.704873,125
Verde_vuelta,41.6339995,-4.705565,126
Verde_vuelta,41.6346731,-4.706198,127
Verde_vuelta,41.6347533,-4.7061712,128
Verde_vuelta,41.6348455,-4.7061336,129
Verde_vuelta,41.6349578,-4.7061765,130
Verde_vuelta,41.635042,-4.7062516,131
Verde_vuelta,41.635074,-4.7063535,132
Verde_vuelta,41.6350781,-4.7064984,133
Verde_vuelta,41.635042,-4.7066218,134
Verde_vuelta,41.6349498,-4.7067237,135
Verde_vuelta,41.6348615,-4.7067773,136
Verde_vuelta,41.6347733,-4.7069222,137
Verde_vuelta,41.6346691,-4.7071207,138
Verde_vuelta,41.6345288,-4.7073728,139
Verde_vuelta,41.6343243,-4.7078341,140
Verde_vuelta,41.6333904,-4.7100184,141
Verde_vuelta,41.6330697,-4.7107801,142
Verde_vuelta,41.632801,-4.711338,143
Verde_vuelta,41.6326046,-4.7117779,144
Verde_vuelta,41.6321234,-4.7127864,145
Verde_vuelta,41.6321094,-4.7128427,146
Verde_vuelta,41.6321395,-4.7128883,147
Verde_vuelta,41.6321635,-4.7129769,148
Verde_vuelta,41.6321595,-4.7130466,149
Verde_vuelta,41.6321375,-4.713111,150
Verde_vuelta,41.6320914,-4.7131619,151
Verde_vuelta,41.6320613,-4.7131727,152
Verde_vuelta,41.6320112,-4.71317,153
Verde_vuelta,41.6319691,-4.7131619,154
Verde_vuelta,41.631939,-4.7132129,155
Verde_vuelta,41.6318929,-4.7132987,156
Verde_vuelta,41.6315902,-4.7139773,157
Verde_vuelta,41.6315741,-4.7140471,158
Verde_vuelta,41.6315821,-4.7141275,159
Verde_vuelta,41.6305757,-4.7163859,160
Verde_vuelta,41.6301547,-4.7173408,161
Verde_vuelta,41.6301146,-4.7173945,162
Verde_vuelta,41.6300745,-4.7174427,163
Verde_vuelta,41.6295372,-4.7186712,164
Verde_vuelta,41.6295132,-4.7188107,165
Verde_vuelta,41.6295012,-4.7189501,166
Verde_vuelta,41.6295292,-4.7189984,167
Verde_vuelta,41.6295693,-4.7191138,168
Verde_vuelta,41.6295854,-4.7192184,169
Verde_vuelta,41.6295653,-4.7193176,170
Verde_vuelta,41.6295132,-4.7194115,171
Verde_vuelta,41.629423,-4.7194839,172
Verde_vuelta,41.6293408,-4.7194812,173
Verde_vuelta,41.6292325,-4.7194463,174
Verde_vuelta,41.6291824,-4.7193927,175
Verde_vuelta,41.6291182,-4.7192908,176
Verde_vuelta,41.6291002,-4.7192103,177
Verde_vuelta,41.6290882,-4.7191218,178
Verde_vuelta,41.6290501,-4.7190682,179
Verde_vuelta,41.6289438,-4.7190252,180
Verde_vuelta,41.6283504,-4.71869,181
Verde_vuelta,41.6280817,-4.7185719,182
Verde_vuelta,41.6275965,-4.7183681,183
Verde_vuelta,41.627356,-4.7182662,184
Verde_vuelta,41.6270472,-4.7181428,185
Verde_vuelta,41.6268527,-4.7182125,186
Verde_vuelta,41.6267605,-4.7182689,187
Verde_vuelta,41.6267024,-4.7182501,188
Verde_vuelta,41.6266201,-4.7182689,189
Verde_vuelta,41.6265199,-4.7182474,190
Verde_vuelta,41.6264618,-4.7182179,191
Verde_vuelta,41.6264197,-4.7181696,192
Verde_vuelta,41.6263375,-4.7180811,193
Verde_vuelta,41.6263174,-4.7179819,194
Verde_vuelta,41.6263194,-4.7178236,195
Verde_vuelta,41.6263475,-4.7176949,196
Verde_vuelta,41.6263976,-4.7176064,197
Verde_vuelta,41.6264838,-4.7175447,198
Verde_vuelta,41.626572,-4.7175152,199
Verde_vuelta,41.6266602,-4.7175125,200
Verde_vuelta,41.6267605,-4.7175742,201
Verde_vuelta,41.6268206,-4.7176466,202
Verde_vuelta,41.6268547,-4.7177244,203
Verde_vuelta,41.6268768,-4.7178853,204
Verde_vuelta,41.6268728,-4.718006,205
Verde_vuelta,41.6268487,-4.7180704,206
Verde_vuelta,41.6267966,-4.7180596,207
Verde_vuelta,41.6267003,-4.7180221,208
Verde_vuelta,41.6265881,-4.7179658,209
Verde_vuelta,41.6264197,-4.7179041,210
Verde_vuelta,41.6262833,-4.7178397,211
Verde_vuelta,41.6259645,-4.7177083,212
Verde_vuelta,41.6256077,-4.7175447,213
Verde_vuelta,41.6252982,-4.7174204,214
Verde_vuelta,41.6251197,-4.7173506,215
Verde_vuelta,41.6249573,-4.7172863,216
Verde_vuelta,41.6247044,-4.7171812,217
Verde_vuelta,41.6244999,-4.7170954,218
Verde_vuelta,41.6242613,-4.7169988,219
Verde_vuelta,41.6240267,-4.7169022,220
Verde_vuelta,41.62371,-4.7167735,221
Verde_vuelta,41.6231886,-4.7165535,222
Verde_vuelta,41.6227736,-4.716398,223
Verde_vuelta,41.622521,-4.7163095,224
Verde_vuelta,41.6223646,-4.7162558,225
Verde_vuelta,41.6222503,-4.7162236,226
Verde_vuelta,41.622124,-4.7161968,227
Verde_vuelta,41.6219977,-4.716178,228
Verde_vuelta,41.621743,-4.7161673,229
Verde_vuelta,41.6215024,-4.7161861,230
Verde_vuelta,41.62133,-4.7162236,231
Verde_vuelta,41.6211435,-4.7162558,232
Verde_vuelta,41.6210312,-4.7163229,233
Verde_vuelta,41.620933,-4.7163846,234
Verde_vuelta,41.6208006,-4.7164382,235
Verde_vuelta,41.6206482,-4.716465,236
Verde_vuelta,41.6204878,-4.7163953,237
Verde_vuelta,41.6203154,-4.7162505,238
Verde_vuelta,41.6202552,-4.7160466,239
Verde_vuelta,41.620175,-4.7158749,240
Verde_vuelta,41.6200627,-4.7157891,241
Verde_vuelta,41.6198702,-4.7157784,242
Verde_vuelta,41.6196296,-4.7157891,243
Verde_vuelta,41.619377,-4.7157677,244
Verde_vuelta,41.6189198,-4.7156657,245
Verde_vuelta,41.6185549,-4.7155477,246
Verde_vuelta,41.6182862,-4.7154404,247
Verde_vuelta,41.6177929,-4.7151508,248
Verde_vuelta,41.617452,-4.7149094,249
Verde_vuelta,41.6171272,-4.7146626,250
Verde_vuelta,41.6168785,-4.7144963,251
Verde_vuelta,41.6163892,-4.7141637,252
Verde_vuelta,41.6161446,-4.7139759,253
Verde_vuelta,41.615908,-4.7138311,254
Verde_vuelta,41.615519,-4.7136112,255
Verde_vuelta,41.6152021,-4.7134395,256
Verde_vuelta,41.6149495,-4.7133215,257
Verde_vuelta,41.6147409,-4.7132142,258
Verde_vuelta,41.6145484,-4.7131552,259
Verde_vuelta,41.6144,-4.7131176,260
Verde_vuelta,41.6142356,-4.7131015,261
Verde_vuelta,41.6140431,-4.7131015,262
Verde_vuelta,41.6138866,-4.7131069,263
Verde_vuelta,41.6136941,-4.7131391,264
Verde_vuelta,41.6134615,-4.7131659,265
Verde_vuelta,41.613277,-4.7131927,266
Verde_vuelta,41.6130725,-4.7131981,267
Verde_vuelta,41.6129762,-4.713241,268
Verde_vuelta,41.6129,-4.713359,269
Verde_vuelta,41.6127757,-4.713461,270
Verde_vuelta,41.6126875,-4.7135575,271
Verde_vuelta,41.6125992,-4.7137238,272
Verde_vuelta,41.612531,-4.7140081,273
Verde_vuelta,41.6123706,-4.7146197,274
Verde_vuelta,41.6122423,-4.7151561,275
Verde_vuelta,41.6120899,-4.7157998,276
Verde_vuelta,41.6119214,-4.7165294,277
Verde_vuelta,41.6118492,-4.7168137,278
Verde_vuelta,41.611761,-4.7170122,279
Verde_vuelta,41.6116527,-4.7175326,280
Verde_vuelta,41.611412,-4.7188468,281
Verde_vuelta,41.6112195,-4.7198017,282
Verde_vuelta,41.6109227,-4.7210409,283
Verde_vuelta,41.610654,-4.7219797,284
Verde_vuelta,41.6104294,-4.7227468,285
Verde_vuelta,41.6095911,-4.7253056,286
Verde_vuelta,41.60919,-4.7263892,287
Verde_vuelta,41.6086087,-4.7279012,288
Verde_vuelta,41.6082597,-4.7288668,289
Verde_vuelta,41.607995,-4.7295964,290
Verde_vuelta,41.6077182,-4.7304118,291
Verde_vuelta,41.6074455,-4.7312916,292
Verde_vuelta,41.6071607,-4.7321445,293
Verde_vuelta,41.6068719,-4.733153,294
Verde_vuelta,41.606567,-4.7342795,295
Verde_vuelta,41.6063424,-4.7352451,296
Verde_vuelta,41.6061499,-4.7361785,297
Verde_vuelta,41.6060295,-4.7368974,298
Verde_vuelta,41.6058611,-4.7379381,299
Verde_vuelta,41.6057568,-4.7386354,300
Verde_vuelta,41.6056846,-4.7392041,301
Verde_vuelta,41.6055963,-4.7403628,302
Verde_vuelta,41.6055402,-4.7417253,303
Verde_vuelta,41.6055643,-4.7430021,304
Verde_vuelta,41.6056284,-4.7439462,305
Verde_vuelta,41.6057247,-4.7447402,306
Verde_vuelta,41.605837,-4.7455663,307
Verde_vuelta,41.6060055,-4.746489,308
Verde_vuelta,41.6065149,-4.7484416,309
Verde_vuelta,41.6068639,-4.7495896,310
Verde_vuelta,41.6074214,-4.7515369,311
Verde_vuelta,41.6077784,-4.7527975,312
Verde_vuelta,41.607999,-4.7536826,313
Verde_vuelta,41.6081715,-4.7545624,314
Verde_vuelta,41.6082717,-4.7552169,315
Verde_vuelta,41.6083439,-4.7558552,316
Verde_vuelta,41.6083921,-4.7563863,317
Verde_vuelta,41.6084241,-4.7578615,318
Verde_vuelta,41.6084201,-4.7584999,319
Verde_vuelta,41.6084161,-4.7594547,320
Verde_vuelta,41.6084001,-4.760195,321
Verde_vuelta,41.6084001,-4.7609729,322
Verde_vuelta,41.6084322,-4.7616971,323
Verde_vuelta,41.6084643,-4.7624052,324
Verde_vuelta,41.6085766,-4.7632045,325
Verde_vuelta,41.6086528,-4.7637302,326
Verde_vuelta,41.6087851,-4.7645241,327
Verde_vuelta,41.6089656,-4.7653181,328
Verde_vuelta,41.6091622,-4.765994,329
Verde_vuelta,41.6092785,-4.7663695,330
Verde_vuelta,41.6093908,-4.7666913,331
Verde_vuelta,41.6095312,-4.7670883,332
Verde_vuelta,41.6096916,-4.7675228,333
Verde_vuelta,41.6099002,-4.768011,334
Verde_vuelta,41.6101168,-4.7685099,335
Verde_vuelta,41.6103374,-4.7689766,336
Verde_vuelta,41.6106261,-4.7695023,337
Verde_vuelta,41.6112759,-4.7706503,338
Verde_vuelta,41.6118214,-4.771573,339
Verde_vuelta,41.6126235,-4.7726888,340
Verde_vuelta,41.6130407,-4.7732359,341
Verde_vuelta,41.6132973,-4.773531,342
Verde_vuelta,41.6136182,-4.7739548,343
Verde_vuelta,41.6140714,-4.7744268,344
Verde_vuelta,41.6147412,-4.7751028,345
Verde_vuelta,41.6152505,-4.7756285,346
Verde_vuelta,41.6159403,-4.7763366,347
Verde_vuelta,41.6164055,-4.7767926,348
Verde_vuelta,41.6170191,-4.777447,349
Verde_vuelta,41.6174001,-4.7778547,350
Verde_vuelta,41.6176688,-4.7780747,351
Verde_vuelta,41.6178734,-4.7782034,352
Verde_vuelta,41.6180719,-4.7783831,353
Verde_vuelta,41.6184569,-4.7787452,354
Verde_vuelta,41.6186634,-4.7789356,355
Verde_vuelta,41.6187777,-4.7790402,356
Verde_vuelta,41.6189842,-4.7792629,357
Verde_vuelta,41.6195016,-4.7797644,358
Verde_vuelta,41.619662,-4.7799012,359
Verde_vuelta,41.6197542,-4.7799442,360
Verde_vuelta,41.6198845,-4.7799763,361
Verde_vuelta,41.620051,-4.779979,362
Verde_vuelta,41.6202014,-4.7799093,363
Verde_vuelta,41.6202595,-4.7798449,364
Verde_vuelta,41.6203377,-4.7796545,365
Verde_vuelta,41.6205101,-4.7791529,366
Verde_vuelta,41.6207568,-4.7784716,367
Verde_vuelta,41.6213583,-4.7767175,368
Verde_vuelta,41.6218656,-4.7752583,369
Verde_vuelta,41.6219297,-4.7750545,370
Verde_vuelta,41.6219398,-4.7749794,371
Verde_vuelta,41.6219598,-4.7748533,372
Verde_vuelta,41.6219598,-4.7747594,373
Verde_vuelta,41.6219358,-4.7746897,374
Verde_vuelta,41.6218977,-4.7746227,375
Verde_vuelta,41.6218977,-4.7745288,376
Verde_vuelta,41.6219257,-4.7744322,377
Verde_vuelta,41.6219678,-4.774341,378
Verde_vuelta,41.622024,-4.7743008,379
Verde_vuelta,41.6221042,-4.7742954,380
Verde_vuelta,41.6221924,-4.7742606,381
Verde_vuelta,41.6222907,-4.7740674,382
Verde_vuelta,41.6223909,-4.773759,383
Verde_vuelta,41.6228481,-4.7724474,384
Verde_vuelta,41.6235278,-4.7704813,385
Verde_vuelta,41.6239067,-4.769387,386
Verde_vuelta,41.6240651,-4.7689766,387
Verde_vuelta,41.6240872,-4.7689203,388
Verde_vuelta,41.6240591,-4.7688505,389
Verde_vuelta,41.624011,-4.7687728,390
Verde_vuelta,41.6239849,-4.7686977,391
Verde_vuelta,41.6239588,-4.768593,392
Verde_vuelta,41.6239829,-4.7685018,393
Verde_vuelta,41.624025,-4.7684107,394
Verde_vuelta,41.6240852,-4.7683382,395
Verde_vuelta,41.6241794,-4.7682953,396
Verde_vuelta,41.6242656,-4.7682953,397
Verde_vuelta,41.6243719,-4.7683382,398
Verde_vuelta,41.624434,-4.7684133,399
Verde_vuelta,41.6244862,-4.7685555,400
Verde_vuelta,41.6244962,-4.7687164,401
Verde_vuelta,41.6244641,-4.7688291,402
Verde_vuelta,41.62441,-4.7688881,403
Verde_vuelta,41.6243298,-4.7689364,404
Verde_vuelta,41.6242115,-4.7689793,405
Verde_vuelta,41.6241553,-4.7690276,406
Verde_vuelta,41.6240892,-4.7692368,407
Verde_vuelta,41.6240671,-4.7693387,408
Verde_vuelta,41.6240811,-4.7694058,409
Verde_vuelta,41.6240591,-4.7695184,410
Verde_vuelta,41.624013,-4.7696606,411
Verde_vuelta,41.6238786,-4.7699878,412
Verde_vuelta,41.6231528,-4.772045,413
Verde_vuelta,41.6230987,-4.7722113,414
Verde_vuelta,41.6231127,-4.7722489,415
Verde_vuelta,41.6231789,-4.7722864,416
Verde_vuelta,41.6234035,-4.7724206,417
Verde_vuelta,41.6237062,-4.7726003,418
Verde_vuelta,41.6239689,-4.7727451,419
Verde_vuelta,41.6242756,-4.7729141,420
Verde_vuelta,41.6243478,-4.7729919,421
Verde_vuelta,41.6245082,-4.7732252,422
Verde_vuelta,41.6246506,-4.7734157,423
Verde_vuelta,41.6247909,-4.7736302,424
Verde_vuelta,41.624841,-4.773708,425
Verde_vuelta,41.6248831,-4.7737348,426
Verde_vuelta,41.6249613,-4.7737429,427
Verde_vuelta,41.6253082,-4.7737938,428
Verde_vuelta,41.6254947,-4.7738153,429
Verde_vuelta,41.6255107,-4.7738582,430
Verde_vuelta,41.6255087,-4.7739387,431
Verde_vuelta,41.6253282,-4.7752503,432
Verde_vuelta,41.6250656,-4.7760871,433
Verde_vuelta,41.6250957,-4.7761408,434
Verde_vuelta,41.6251318,-4.7762078,435
Verde_vuelta,41.6251418,-4.7762508,436
Verde_vuelta,41.6251498,-4.7763366,437
Verde_vuelta,41.6251318,-4.7764224,438
Verde_vuelta,41.6250997,-4.7764814,439
Verde_vuelta,41.6250455,-4.776519,440
Verde_vuelta,41.6249774,-4.7765485,441
Verde_vuelta,41.6249273,-4.7765485,442
Verde_vuelta,41.6247989,-4.7769294,443
Verde_vuelta,41.6244882,-4.777844,444
Verde_vuelta,41.6239488,-4.7793594,445
Verde_vuelta,41.6238867,-4.7795686,446
Verde_vuelta,41.6239127,-4.7796142,447
Verde_vuelta,41.6239448,-4.779684,448
Verde_vuelta,41.6239608,-4.7797564,449
Verde_vuelta,41.6239608,-4.7798154,450
Verde_vuelta,41.6239388,-4.7798905,451
Verde_vuelta,41.6239027,-4.7799442,452
Verde_vuelta,41.6238566,-4.7799951,453
Verde_vuelta,41.6238025,-4.7800139,454
Verde_vuelta,41.6237523,-4.7800112,455
Verde_vuelta,41.6237202,-4.7800434,456
Verde_vuelta,41.623638,-4.7802741,457
Verde_vuelta,41.622812,-4.7826612,458
Verde_vuelta,41.622046,-4.7848714,459
Verde_vuelta,41.6218696,-4.7853703,460
Verde_vuelta,41.6217734,-4.7856412,461
Verde_vuelta,41.6217132,-4.7858531,462
Verde_vuelta,41.621623,-4.7861293,463
Verde_vuelta,41.6215488,-4.78636,464
Verde_vuelta,41.6210856,-4.7876931,465
Verde_vuelta,41.6209693,-4.7880256,466
Verde_vuelta,41.6202595,-4.7900158,467
Verde_vuelta,41.6199046,-4.7910619,468
Verde_vuelta,41.6191186,-4.7933042,469
Verde_vuelta,41.618124,-4.7961822,470
Verde_vuelta,41.6181401,-4.7962413,471
Verde_vuelta,41.6181661,-4.7963217,472
Verde_vuelta,41.6181701,-4.7964076,473
Verde_vuelta,41.6181481,-4.7964773,474
Verde_vuelta,41.618108,-4.7965551,475
Verde_vuelta,41.6180679,-4.7966302,476
Verde_vuelta,41.6180679,-4.7967401,477
Verde_vuelta,41.6180759,-4.7971747,478
Verde_vuelta,41.6180899,-4.7973517,479
Verde_vuelta,41.618102,-4.7974965,480
Verde_vuelta,41.6181401,-4.7976655,481
Verde_vuelta,41.6181882,-4.7978479,482
Verde_vuelta,41.6182684,-4.7979954,483
Verde_vuelta,41.6184047,-4.7982449,484
Verde_vuelta,41.6191025,-4.7994036,485
Verde_vuelta,41.6191266,-4.7994304,486
Verde_vuelta,41.6191747,-4.7994331,487
Verde_vuelta,41.6192249,-4.7994572,488
Verde_vuelta,41.619269,-4.7994948,489
Verde_vuelta,41.619291,-4.7995565,490
Verde_vuelta,41.619291,-4.7996289,491
Verde_vuelta,41.619277,-4.7997067,492
Verde_vuelta,41.6192609,-4.7997684,493
Verde_vuelta,41.6196239,-4.8003424,494
Verde_vuelta,41.6198485,-4.800691,495
Verde_vuelta,41.620055,-4.8010183,496
Verde_vuelta,41.6205442,-4.8017907,497
Verde_vuelta,41.6205903,-4.8018283,498
Verde_vuelta,41.6206465,-4.8018551,499
Verde_vuelta,41.6207026,-4.8018712,500
Verde_vuelta,41.6207508,-4.801898,501
Verde_vuelta,41.6207909,-4.8019463,502
Verde_vuelta,41.6208149,-4.8020134,503
Verde_vuelta,41.6208229,-4.8020777,504
Verde_vuelta,41.6208069,-4.8021528,505
Verde_vuelta,41.6208009,-4.8022065,506
Verde_vuelta,41.620829,-4.8022816,507
Verde_vuelta,41.6209092,-4.8024586,508
Verde_vuelta,41.6209934,-4.8026061,509
Verde_vuelta,41.6213964,-4.8033303,510
Verde_vuelta,41.6219979,-4.8043415,511
Verde_vuelta,41.6221944,-4.8047117,512
Verde_vuelta,41.6222405,-4.8047197,513
Verde_vuelta,41.6222987,-4.804717,514
Verde_vuelta,41.6223448,-4.8047278,515
Verde_vuelta,41.6223849,-4.8047626,516
Verde_vuelta,41.622417,-4.8047895,517
Verde_vuelta,41.622441,-4.8048404,518
Verde_vuelta,41.6224531,-4.8049075,519
Verde_vuelta,41.6224511,-4.8049745,520
Verde_vuelta,41.622431,-4.8050335,521
Verde_vuelta,41.6224009,-4.8050979,522
Verde_vuelta,41.6223689,-4.8051301,523
Verde_vuelta,41.6223107,-4.8051516,524
Verde_vuelta,41.6222566,-4.8051516,525
Verde_vuelta,41.6222185,-4.8051381,526
Verde_vuelta,41.6221844,-4.8051274,527
Verde_vuelta,41.6221523,-4.8051676,528
Verde_vuelta,41.622034,-4.8053661,529
Verde_vuelta,41.6210074,-4.8072169,530
Verde_vuelta,41.6204079,-4.8082549,531
Verde_vuelta,41.6203979,-4.8083031,532
Verde_vuelta,41.6204199,-4.8083514,533
Verde_vuelta,41.6204339,-4.8084051,534
Verde_vuelta,41.620444,-4.8084721,535
Verde_vuelta,41.62044,-4.8085285,536
Verde_vuelta,41.6204279,-4.8085741,537
Verde_vuelta,41.6204019,-4.8086196,538
Verde_vuelta,41.6203578,-4.8086545,539
Verde_vuelta,41.6203116,-4.8086787,540
Verde_vuelta,41.6202675,-4.8086813,541
Verde_vuelta,41.6202234,-4.8086599,542
Verde_vuelta,41.6201913,-4.8086411,543
Verde_vuelta,41.6201352,-4.8087323,544
Verde_vuelta,41.6190604,-4.810634,545
Verde_vuelta,41.6186093,-4.8114279,546
Verde_vuelta,41.6186012,-4.8114789,547
Verde_vuelta,41.6186413,-4.8115352,548
Verde_vuelta,41.6186614,-4.8115996,549
Verde_vuelta,41.6186634,-4.8116854,550
Verde_vuelta,41.6186574,-4.8117471,551
Verde_vuelta,41.6186413,-4.8117981,552
Verde_vuelta,41.6186113,-4.8118571,553
Verde_vuelta,41.6185692,-4.8118973,554
Verde_vuelta,41.618517,-4.8119107,555
Verde_vuelta,41.6184448,-4.8119,556
Verde_vuelta,41.6183887,-4.8118785,557
Verde_vuelta,41.6183586,-4.8118571,558
Verde_vuelta,41.6181701,-4.8121924,559
Verde_vuelta,41.618122,-4.8122809,560
Verde_vuelta,41.618116,-4.8123908,561
Verde_vuelta,41.618126,-4.8124874,562
Verde_vuelta,41.61813,-4.8125759,563
Verde_vuelta,41.6180919,-4.8127207,564
Verde_vuelta,41.6181,-4.812828,565
Verde_vuelta,41.6180919,-4.8129514,566
Verde_vuelta,41.6180779,-4.813048,567
Verde_vuelta,41.6180278,-4.8130882,568
Verde_vuelta,41.6179656,-4.8131258,569
Verde_vuelta,41.6178854,-4.8131311,570
Verde_vuelta,41.6178212,-4.8130828,571
Verde_vuelta,41.6177711,-4.8130346,572
Verde_vuelta,41.617741,-4.8129568,573
Verde_vuelta,41.617733,-4.81282,574
Verde_vuelta,41.617739,-4.812702,575
Verde_vuelta,41.6176608,-4.8124552,576
Verde_vuelta,41.6175766,-4.8121092,577
Verde_vuelta,41.6174743,-4.8117471,578
Verde_vuelta,41.6173861,-4.8114735,579
Verde_vuelta,41.6170131,-4.8104328,580
Verde_vuelta,41.6168006,-4.8098025,581
Verde_vuelta,41.6161148,-4.8077721,582
Verde_vuelta,41.6156415,-4.8062834,583
Verde_vuelta,41.615451,-4.8057095,584
Verde_vuelta,41.6153869,-4.8055083,585
Verde_vuelta,41.6153207,-4.8053903,586
Verde_vuelta,41.6152565,-4.8053152,587
Verde_vuelta,41.6151843,-4.8052749,588
Verde_vuelta,41.6151242,-4.8052696,589
Verde_vuelta,41.6150339,-4.8052588,590
Verde_vuelta,41.6149758,-4.8052374,591
Verde_vuelta,41.6149076,-4.8051891,592
Verde_vuelta,41.6148475,-4.8051274,593
Verde_vuelta,41.6147993,-4.8050443,594
Verde_vuelta,41.6147753,-4.8049316,595
Verde_vuelta,41.6147652,-4.8048243,596
Verde_vuelta,41.6147753,-4.8047063,597
Verde_vuelta,41.6147953,-4.8046232,598
Verde_vuelta,41.6148174,-4.8045373,599
Verde_vuelta,41.6148114,-4.80443,600
Verde_vuelta,41.6147953,-4.8043013,601
Verde_vuelta,41.6147512,-4.8042128,602
Verde_vuelta,41.614665,-4.8040974,603
Verde_vuelta,41.6145567,-4.8039311,604
Verde_vuelta,41.6142419,-4.803502,605
Verde_vuelta,41.613935,-4.8031238,606
Verde_vuelta,41.6135741,-4.8026303,607
Verde_vuelta,41.6134197,-4.8024077,608
Verde_vuelta,41.6132231,-4.8021689,609
Verde_vuelta,41.6129945,-4.8015601,610
Verde_vuelta,41.6128261,-4.8011417,611
Verde_vuelta,41.6126998,-4.8008681,612
Verde_vuelta,41.6126476,-4.8006642,613
Verde_vuelta,41.6126256,-4.8004416,614
Verde_vuelta,41.6126115,-4.8003424,615
Verde_vuelta,41.6125353,-4.8002404,616
Verde_vuelta,41.6124872,-4.8001466,617
Verde_vuelta,41.6124651,-4.8000259,618
Verde_vuelta,41.6124752,-4.7999105,619
Verde_vuelta,41.6125153,-4.7997898,620
Verde_vuelta,41.6125554,-4.7996369,621
Verde_vuelta,41.6126095,-4.7994116,622
Verde_vuelta,41.6126817,-4.7992641,623
Verde_vuelta,41.6127719,-4.7990468,624
Verde_vuelta,41.6133535,-4.7978613,625
Verde_vuelta,41.6135019,-4.7975636,626
Verde_vuelta,41.6135861,-4.797408,627
Verde_vuelta,41.6137044,-4.7971076,628
Verde_vuelta,41.6137485,-4.7969574,629
Verde_vuelta,41.6137686,-4.7968179,630
Verde_vuelta,41.6137746,-4.7967187,631
Verde_vuelta,41.6137706,-4.7966141,632
Verde_vuelta,41.6137586,-4.7965283,633
Verde_vuelta,41.6137265,-4.7964156,634
Verde_vuelta,41.6136583,-4.7962627,635
Verde_vuelta,41.6136022,-4.7961742,636
Verde_vuelta,41.613534,-4.7960964,637
Verde_vuelta,41.6134397,-4.7960052,638
Verde_vuelta,41.613149,-4.7957477,639
Verde_vuelta,41.6128903,-4.7955278,640
Verde_vuelta,41.6126576,-4.7953347,641
Verde_vuelta,41.6124631,-4.7951442,642
Verde_vuelta,41.6123348,-4.795053,643
Verde_vuelta,41.6122345,-4.7949806,644
Verde_vuelta,41.6121082,-4.7948385,645
Verde_vuelta,41.6119477,-4.7947473,646
Verde_vuelta,41.6117993,-4.7946963,647
Verde_vuelta,41.6117011,-4.7946936,648
Verde_vuelta,41.6115427,-4.7947151,649
Verde_vuelta,41.6114143,-4.7947687,650
Verde_vuelta,41.6113201,-4.7948331,651
Verde_vuelta,41.6112499,-4.7948921,652
Verde_vuelta,41.6111636,-4.7949806,653
Verde_vuelta,41.6110954,-4.7950879,654
Verde_vuelta,41.6110353,-4.7952086,655
Verde_vuelta,41.6109791,-4.7953588,656
Verde_vuelta,41.6109531,-4.795501,657
Verde_vuelta,41.610935,-4.7956834,658
Verde_vuelta,41.610943,-4.7958738,659
Verde_vuelta,41.6109571,-4.7959891,660
Verde_vuelta,41.6110052,-4.7961501,661
Verde_vuelta,41.6110754,-4.7964022,662
Verde_vuelta,41.6111356,-4.796606,663
Verde_vuelta,41.6112158,-4.7968233,664
Verde_vuelta,41.6112559,-4.7968582,665
Verde_vuelta,41.611306,-4.7968448,666
Verde_vuelta,41.6113541,-4.7968769,667
Verde_vuelta,41.6113943,-4.796952,668
Verde_vuelta,41.6113943,-4.7970298,669
Verde_vuelta,41.6113762,-4.7971022,670
Verde_vuelta,41.6113361,-4.7971371,671
Verde_vuelta,41.611292,-4.7971559,672
Verde_vuelta,41.6112358,-4.7971425,673
Verde_vuelta,41.6112037,-4.7971049,674
Verde_vuelta,41.6111737,-4.7970486,675
Verde_vuelta,41.6111636,-4.7969681,676
Verde_vuelta,41.6111877,-4.7969172,677
Verde_vuelta,41.6111897,-4.7968474,678
Verde_vuelta,41.6111576,-4.7967401,679
Verde_vuelta,41.6111055,-4.796606,680
Verde_vuelta,41.6109872,-4.7962278,681
Verde_vuelta,41.6109531,-4.796075,682
Verde_vuelta,41.610911,-4.7959328,683
Verde_vuelta,41.6108969,-4.7957719,684
Verde_vuelta,41.6109029,-4.7956324,685
Verde_vuelta,41.610919,-4.7954956,686
Verde_vuelta,41.610947,-4.7953427,687
Verde_vuelta,41.6109872,-4.7952408,688
Verde_vuelta,41.6110533,-4.7950906,689
Verde_vuelta,41.6111215,-4.7949833,690
Verde_vuelta,41.6111917,-4.7948814,691
Verde_vuelta,41.611288,-4.7948063,692
Verde_vuelta,41.6113802,-4.794758,693
Verde_vuelta,41.6115086,-4.7946909,694
Verde_vuelta,41.6115888,-4.7946507,695
Verde_vuelta,41.6116209,-4.7946427,696
Verde_vuelta,41.6116309,-4.7945917,697
Verde_vuelta,41.6116529,-4.794522,698
Verde_vuelta,41.6116449,-4.7944388,699
Verde_vuelta,41.6116309,-4.7943771,700
Verde_vuelta,41.6115808,-4.7943369,701
Verde_vuelta,41.6114905,-4.7942886,702
Verde_vuelta,41.6113782,-4.7942055,703
Verde_vuelta,41.611306,-4.7941491,704
Verde_vuelta,41.6112779,-4.7941169,705
Verde_vuelta,41.6112358,-4.7941277,706
Verde_vuelta,41.6111717,-4.7941384,707
Verde_vuelta,41.6111376,-4.794125,708
Verde_vuelta,41.6110914,-4.7941009,709
Verde_vuelta,41.6110513,-4.7940526,710
Verde_vuelta,41.6110233,-4.7939989,711
Verde_vuelta,41.6110092,-4.7939426,712
Verde_vuelta,41.6110092,-4.7938702,713
Verde_vuelta,41.6110212,-4.7938031,714
Verde_vuelta,41.6110473,-4.7937548,715
Verde_vuelta,41.6110934,-4.7936958,716
Verde_vuelta,41.6111155,-4.7936556,717
Verde_vuelta,41.6111155,-4.7935912,718
Verde_vuelta,41.6110353,-4.7923681,719
Verde_vuelta,41.6110212,-4.7923225,720
Verde_vuelta,41.6109631,-4.7923065,721
Verde_vuelta,41.610915,-4.7922904,722
Verde_vuelta,41.6108789,-4.7922474,723
Verde_vuelta,41.6108508,-4.7921992,724
Verde_vuelta,41.6108307,-4.7921536,725
Verde_vuelta,41.6108227,-4.7921026,726
Verde_vuelta,41.6108247,-4.7920409,727
Verde_vuelta,41.6108287,-4.7919631,728
Verde_vuelta,41.6108728,-4.791888,729
Verde_vuelta,41.610921,-4.7918371,730
Verde_vuelta,41.6109751,-4.7918049,731
Verde_vuelta,41.6110112,-4.79177,732
Verde_vuelta,41.610945,-4.7908447,733
Verde_vuelta,41.610947,-4.7907749,734
Verde_vuelta,41.6109611,-4.790681,735
Verde_vuelta,41.6110273,-4.790563,736
Verde_vuelta,41.6111696,-4.7902358,737
Verde_vuelta,41.6113662,-4.7897798,738
Verde_vuelta,41.6115406,-4.7893882,739
Verde_vuelta,41.6123107,-4.7876689,740
Verde_vuelta,41.6128782,-4.7863627,741
Verde_vuelta,41.6129845,-4.7861401,742
Verde_vuelta,41.6130427,-4.7860489,743
Verde_vuelta,41.613149,-4.7859469,744
Verde_vuelta,41.6133996,-4.7857189,745
Verde_vuelta,41.6134598,-4.7856465,746
Verde_vuelta,41.6134678,-4.7856117,747
Verde_vuelta,41.6132352,-4.7851235,748
Verde_vuelta,41.6130768,-4.7847775,749
Verde_vuelta,41.6130346,-4.7847051,750
Verde_vuelta,41.6130848,-4.7846514,751
Verde_vuelta,41.6131469,-4.7845844,752
Verde_vuelta,41.6132231,-4.7844878,753
Verde_vuelta,41.6132592,-4.7843832,754
Verde_vuelta,41.6133234,-4.7841981,755
Verde_vuelta,41.6133635,-4.783938,756
Verde_vuelta,41.6133555,-4.7837797,757
Verde_vuelta,41.6133194,-4.7835785,758
Verde_vuelta,41.6132292,-4.7834015,759
Verde_vuelta,41.6130788,-4.7830743,760
Verde_vuelta,41.6129264,-4.7827819,761
Verde_vuelta,41.6130748,-4.7826371,762
Verde_vuelta,41.6139972,-4.7818593,763
Verde_vuelta,41.6152846,-4.7807864,764
Verde_vuelta,41.6166502,-4.7796411,765
Verde_vuelta,41.6171976,-4.7791797,766
Verde_vuelta,41.6174422,-4.7789786,767
Verde_vuelta,41.6175646,-4.7788525,768
Verde_vuelta,41.6176909,-4.7786755,769
Verde_vuelta,41.6177129,-4.7786433,770
Verde_vuelta,41.6178012,-4.7784019,771
Verde_vuelta,41.6179656,-4.7778923,772
Verde_vuelta,41.6187218,-4.7756257,773
Verde_ida,41.625671,-4.7738703,0
Verde_ida,41.6255137,-4.7738515,1
Verde_ida,41.6253232,-4.775257,2
Verde_ida,41.6250665,-4.7760804,3
Verde_ida,41.6251066,-4.7761582,4
Verde_ida,41.6251407,-4.7762414,5
Verde_ida,41.6251467,-4.7763004,6
Verde_ida,41.6251407,-4.7763648,7
Verde_ida,41.6251127,-4.7764479,8
Verde_ida,41.6250505,-4.7765176,9
Verde_ida,41.6249623,-4.7765418,10
Verde_ida,41.6249142,-4.7765525,11
Verde_ida,41.6243568,-4.7782235,12
Verde_ida,41.6238936,-4.7795405,13
Verde_ida,41.6238936,-4.7795807,14
Verde_ida,41.6239257,-4.7796451,15
Verde_ida,41.6239438,-4.7797148,16
Verde_ida,41.6239558,-4.7797792,17
Verde_ida,41.6239498,-4.7798677,18
Verde_ida,41.6239217,-4.7799294,19
Verde_ida,41.6238515,-4.7799723,20
Verde_ida,41.6238074,-4.7799965,21
Verde_ida,41.6237332,-4.780026,22
Verde_ida,41.6235668,-4.7804793,23
Verde_ida,41.6229833,-4.7821691,24
Verde_ida,41.622458,-4.7836765,25
Verde_ida,41.6217683,-4.7857015,26
Verde_ida,41.6198975,-4.7910874,27
Verde_ida,41.6188067,-4.7942095,28
Verde_ida,41.618151,-4.7960924,29
Verde_ida,41.618127,-4.796189,30
Verde_ida,41.618143,-4.7962614,31
Verde_ida,41.6181671,-4.7963392,32
Verde_ida,41.6181671,-4.7964196,33
Verde_ida,41.618129,-4.7965269,34
Verde_ida,41.6180708,-4.7965859,35
Verde_ida,41.6180628,-4.7968193,36
Verde_ida,41.6180708,-4.7970902,37
Verde_ida,41.6180788,-4.7973021,38
Verde_ida,41.6180949,-4.7974737,39
Verde_ida,41.618141,-4.7976856,40
Verde_ida,41.6181992,-4.7978814,41
Verde_ida,41.6183375,-4.7981175,42
Verde_ida,41.6191055,-4.799421,43
Verde_ida,41.6191436,-4.7994237,44
Verde_ida,41.6191957,-4.7994371,45
Verde_ida,41.6192539,-4.7994639,46
Verde_ida,41.619284,-4.7995229,47
Verde_ida,41.619294,-4.7996249,48
Verde_ida,41.6192699,-4.799708,49
Verde_ida,41.6192659,-4.799767,50
Verde_ida,41.6193762,-4.7999601,51
Verde_ida,41.6195226,-4.8001935,52
Verde_ida,41.62007,-4.8010572,53
Verde_ida,41.6203667,-4.8015105,54
Verde_ida,41.6205853,-4.8018404,55
Verde_ida,41.6206354,-4.8018431,56
Verde_ida,41.6206956,-4.8018591,57
Verde_ida,41.6207557,-4.8019021,58
Verde_ida,41.6207938,-4.8019718,59
Verde_ida,41.6208139,-4.802055,60
Verde_ida,41.6208139,-4.8021274,61
Verde_ida,41.6207998,-4.8022293,62
Verde_ida,41.6208279,-4.802299,63
Verde_ida,41.6209462,-4.8025136,64
Verde_ida,41.6209903,-4.8026048,65
Verde_ida,41.6211708,-4.802932,66
Verde_ida,41.6218345,-4.8040693,67
Verde_ida,41.622049,-4.8044502,68
Verde_ida,41.6221934,-4.8047184,69
Verde_ida,41.6222435,-4.8047184,70
Verde_ida,41.6223117,-4.8047237,71
Verde_ida,41.6223858,-4.8047479,72
Verde_ida,41.62243,-4.8048203,73
Verde_ida,41.622442,-4.804933,74
Verde_ida,41.622434,-4.8050376,75
Verde_ida,41.6223818,-4.8051207,76
Verde_ida,41.6223056,-4.8051502,77
Verde_ida,41.6222034,-4.8051395,78
Verde_ida,41.6221372,-4.8051556,79
Verde_ida,41.6219908,-4.8054453,80
Verde_ida,41.6205191,-4.8080658,81
Verde_ida,41.6203928,-4.8082723,82
Verde_ida,41.6204028,-4.808326,83
Verde_ida,41.6204329,-4.8083903,84
Verde_ida,41.6204329,-4.8084601,85
Verde_ida,41.6204309,-4.8085459,86
Verde_ida,41.6203727,-4.8086156,87
Verde_ida,41.6202845,-4.8086693,88
Verde_ida,41.6202344,-4.8086693,89
Verde_ida,41.6201802,-4.8086532,90
Verde_ida,41.6201101,-4.8087712,91
Verde_ida,41.6187125,-4.8112469,92
Verde_ida,41.6186022,-4.8114373,93
Verde_ida,41.6186222,-4.8115017,94
Verde_ida,41.6186543,-4.8115795,95
Verde_ida,41.6186603,-4.8116653,96
Verde_ida,41.6186483,-4.8117592,97
Verde_ida,41.6186182,-4.8118289,98
Verde_ida,41.6185601,-4.8118879,99
Verde_ida,41.6184979,-4.8119067,100
Verde_ida,41.6184217,-4.8119094,101
Verde_ida,41.6183696,-4.8118692,102
Verde_ida,41.6182493,-4.8120515,103
Verde_ida,41.6181611,-4.8121937,104
Verde_ida,41.6181049,-4.812309,105
Verde_ida,41.6181069,-4.8124136,106
Verde_ida,41.618121,-4.8125612,107
Verde_ida,41.6181109,-4.812647,108
Verde_ida,41.6180909,-4.8127167,109
Verde_ida,41.6180889,-4.8128428,110
Verde_ida,41.6180808,-4.8130064,111
Verde_ida,41.6180347,-4.8130788,112
Verde_ida,41.6179605,-4.813111,113
Verde_ida,41.6178743,-4.8131083,114
Verde_ida,41.6177821,-4.8130547,115
Verde_ida,41.61774,-4.8129501,116
Verde_ida,41.617738,-4.8128374,117
Verde_ida,41.61774,-4.8127328,118
Verde_ida,41.6176818,-4.8125209,119
Verde_ida,41.6174532,-4.8117297,120
Verde_ida,41.61698,-4.8103457,121
Verde_ida,41.6164386,-4.8088114,122
Verde_ida,41.6157668,-4.8067622,123
Verde_ida,41.6154741,-4.8057644,124
Verde_ida,41.6153798,-4.8055391,125
Verde_ida,41.6152856,-4.8053621,126
Verde_ida,41.6152094,-4.8052951,127
Verde_ida,41.6151111,-4.8052682,128
Verde_ida,41.6149908,-4.8052495,129
Verde_ida,41.6149046,-4.8051905,130
Verde_ida,41.6148023,-4.8050671,131
Verde_ida,41.6147582,-4.8049383,132
Verde_ida,41.6147461,-4.8047881,133
Verde_ida,41.6147722,-4.8046621,134
Verde_ida,41.6148083,-4.8045065,135
Verde_ida,41.6148043,-4.8043965,136
Verde_ida,41.6147481,-4.8042329,137
Verde_ida,41.6143912,-4.8037045,138
Verde_ida,41.6138538,-4.8030098,139
Verde_ida,41.6136252,-4.8026933,140
Verde_ida,41.6133885,-4.8023634,141
Verde_ida,41.6132421,-4.8021381,142
Verde_ida,41.6131379,-4.8019182,143
Verde_ida,41.6130236,-4.8016419,144
Verde_ida,41.6127849,-4.8010599,145
Verde_ida,41.6126746,-4.8007889,146
Verde_ida,41.6126365,-4.8005824,147
Verde_ida,41.6126065,-4.8003571,148
Verde_ida,41.6125964,-4.8003115,149
Verde_ida,41.6125483,-4.8002525,150
Verde_ida,41.6124881,-4.8001345,151
Verde_ida,41.6124681,-4.8000245,152
Verde_ida,41.6124701,-4.7999628,153
Verde_ida,41.6124942,-4.7998529,154
Verde_ida,41.6125403,-4.7997429,155
Verde_ida,41.6125704,-4.7995632,156
Verde_ida,41.6126305,-4.7993352,157
Verde_ida,41.6128431,-4.7988926,158
Verde_ida,41.6131178,-4.798324,159
Verde_ida,41.6133745,-4.797809,160
Verde_ida,41.613561,-4.7974657,161
Verde_ida,41.6136532,-4.7972189,162
Verde_ida,41.6137254,-4.7970231,163
Verde_ida,41.6137535,-4.7968729,164
Verde_ida,41.6137615,-4.7967361,165
Verde_ida,41.6137495,-4.7965698,166
Verde_ida,41.6137234,-4.7964384,167
Verde_ida,41.6136974,-4.7963499,168
Verde_ida,41.6136312,-4.7962265,169
Verde_ida,41.6135429,-4.7961165,170
Verde_ida,41.6134447,-4.7960307,171
Verde_ida,41.6133524,-4.7959341,172
Verde_ida,41.6132401,-4.7958242,173
Verde_ida,41.6131359,-4.7957491,174
Verde_ida,41.6130356,-4.7956579,175
Verde_ida,41.6129353,-4.7955667,176
Verde_ida,41.6128391,-4.7954916,177
Verde_ida,41.6127569,-4.7954245,178
Verde_ida,41.6126586,-4.795336,179
Verde_ida,41.6124881,-4.7951939,180
Verde_ida,41.6123377,-4.7950624,181
Verde_ida,41.6121974,-4.7949578,182
Verde_ida,41.6120951,-4.79488,183
Verde_ida,41.6119487,-4.7947486,184
Verde_ida,41.6118284,-4.7947191,185
Verde_ida,41.6116559,-4.7946896,186
Verde_ida,41.6115055,-4.7947137,187
Verde_ida,41.6113411,-4.7948049,188
Verde_ida,41.6112308,-4.7949149,189
Verde_ida,41.6111285,-4.7950329,190
Verde_ida,41.6110222,-4.7952448,191
Verde_ida,41.6110001,-4.7953065,192
Verde_ida,41.610952,-4.7954809,193
Verde_ida,41.610936,-4.795682,194
Verde_ida,41.610944,-4.7958832,195
Verde_ida,41.6109841,-4.7961031,196
Verde_ida,41.6112067,-4.7968246,197
Verde_ida,41.6112548,-4.7968381,198
Verde_ida,41.611305,-4.7968354,199
Verde_ida,41.6113531,-4.7968568,200
Verde_ida,41.6113872,-4.7969051,201
Verde_ida,41.6114072,-4.7969748,202
Verde_ida,41.6114012,-4.7970499,203
Verde_ida,41.6113691,-4.797109,204
Verde_ida,41.611337,-4.7971331,205
Verde_ida,41.6112809,-4.7971385,206
Verde_ida,41.6112187,-4.7971224,207
Verde_ida,41.6111907,-4.7970875,208
Verde_ida,41.6111646,-4.7970124,209
Verde_ida,41.6111746,-4.7969373,210
Verde_ida,41.6111846,-4.7968702,211
Verde_ida,41.6111646,-4.7967844,212
Verde_ida,41.6110984,-4.7965752,213
Verde_ida,41.6110543,-4.796433,214
Verde_ida,41.6110082,-4.7962909,215
Verde_ida,41.610964,-4.7961219,216
Verde_ida,41.6109259,-4.7959502,217
Verde_ida,41.6109039,-4.7958295,218
Verde_ida,41.6109019,-4.7956981,219
Verde_ida,41.6109019,-4.795564,220
Verde_ida,41.6109279,-4.7954245,221
Verde_ida,41.6109761,-4.7952609,222
Verde_ida,41.6110342,-4.7951241,223
Verde_ida,41.6111024,-4.7950195,224
Verde_ida,41.6111726,-4.794923,225
Verde_ida,41.6112608,-4.7948291,226
Verde_ida,41.6113511,-4.7947593,227
Verde_ida,41.6114313,-4.7947191,228
Verde_ida,41.6115536,-4.7946655,229
Verde_ida,41.6116078,-4.7945984,230
Verde_ida,41.6116338,-4.7945045,231
Verde_ida,41.6116218,-4.7944133,232
Verde_ida,41.6115777,-4.7943436,233
Verde_ida,41.6114955,-4.79429,234
Verde_ida,41.6113431,-4.7941907,235
Verde_ida,41.6112889,-4.7941344,236
Verde_ida,41.6111846,-4.794129,237
Verde_ida,41.6111165,-4.7941317,238
Verde_ida,41.6110563,-4.7940566,239
Verde_ida,41.6110162,-4.7939761,240
Verde_ida,41.6110082,-4.7938608,241
Verde_ida,41.6110443,-4.7937642,242
Verde_ida,41.6111064,-4.7936918,243
Verde_ida,41.6110182,-4.7923319,244
Verde_ida,41.610948,-4.7923132,245
Verde_ida,41.6108638,-4.7922461,246
Verde_ida,41.6108357,-4.7921549,247
Verde_ida,41.6108237,-4.7920423,248
Verde_ida,41.6108357,-4.7919484,249
Verde_ida,41.6108818,-4.7918277,250
Verde_ida,41.610952,-4.7917982,251
Verde_ida,41.6110001,-4.7917526,252
Verde_ida,41.610944,-4.7910096,253
Verde_ida,41.6109336,-4.7908195,254
Verde_ida,41.6109677,-4.790688,255
Verde_ida,41.6110399,-4.7905056,256
Verde_ida,41.6113888,-4.789701,257
Verde_ida,41.6120365,-4.7882526,258
Verde_ida,41.6122732,-4.7877161,259
Verde_ida,41.6126722,-4.786823,260
Verde_ida,41.6128728,-4.7863509,261
Verde_ida,41.6130071,-4.7860746,262
Verde_ida,41.6131355,-4.7859405,263
Verde_ida,41.6134082,-4.7856991,264
Verde_ida,41.6134644,-4.7856455,265
Verde_ida,41.6134644,-4.7855999,266
Verde_ida,41.6133962,-4.7854658,267
Verde_ida,41.6133019,-4.7852861,268
Verde_ida,41.6130392,-4.7847255,269
Verde_ida,41.6130533,-4.7846799,270
Verde_ida,41.6131094,-4.7846209,271
Verde_ida,41.6132077,-4.7844841,272
Verde_ida,41.6132779,-4.7843205,273
Verde_ida,41.613346,-4.7841032,274
Verde_ida,41.6133621,-4.7838323,275
Verde_ida,41.613338,-4.7836526,276
Verde_ida,41.6132498,-4.7834326,277
Verde_ida,41.6131094,-4.7831376,278
Verde_ida,41.6129851,-4.7828667,279
Verde_ida,41.6129329,-4.7827889,280
Verde_ida,41.612953,-4.7827353,281
Verde_ida,41.6130553,-4.7826548,282
Verde_ida,41.6135726,-4.7822042,283
Verde_ida,41.6141261,-4.781759,284
Verde_ida,41.6151488,-4.7809006,285
Verde_ida,41.6156,-4.7805144,286
Verde_ida,41.6159248,-4.7802435,287
Verde_ida,41.6165745,-4.7796963,288
Verde_ida,41.6170658,-4.7792806,289
Verde_ida,41.6174165,-4.7789888,290
Verde_ida,41.6176652,-4.7787072,291
Verde_ida,41.6177113,-4.7786348,292
Verde_ida,41.6178136,-4.7783719,293
Verde_ida,41.617982,-4.7778274,294
Verde_ida,41.6187139,-4.7756414,295
Verde_ida,41.6190026,-4.7747938,296
Verde_ida,41.6189866,-4.7747563,297
Verde_ida,41.6190127,-4.7747187,298
Verde_ida,41.6190648,-4.7746758,299
Verde_ida,41.619905,-4.7743674,300
Verde_ida,41.6209757,-4.7739972,301
Verde_ida,41.6210579,-4.7739784,302
Verde_ida,41.621094,-4.7739784,303
Verde_ida,41.6211301,-4.7739838,304
Verde_ida,41.6212043,-4.7740187,305
Verde_ida,41.6215251,-4.7742279,306
Verde_ida,41.6218138,-4.7744049,307
Verde_ida,41.621894,-4.7743995,308
Verde_ida,41.6219481,-4.7743405,309
Verde_ida,41.6219802,-4.7742976,310
Verde_ida,41.6220083,-4.7742869,311
Verde_ida,41.6220624,-4.7742708,312
Verde_ida,41.6221186,-4.7742815,313
Verde_ida,41.6221767,-4.7742628,314
Verde_ida,41.6222289,-4.7741769,315
Verde_ida,41.622285,-4.7740267,316
Verde_ida,41.6224013,-4.7736807,317
Verde_ida,41.6233497,-4.7709529,318
Verde_ida,41.6240434,-4.7690164,319
Verde_ida,41.6240755,-4.7689413,320
Verde_ida,41.6240755,-4.7688957,321
Verde_ida,41.6240454,-4.7688474,322
Verde_ida,41.6240133,-4.7687776,323
Verde_ida,41.6239873,-4.7686918,324
Verde_ida,41.6239853,-4.7686006,325
Verde_ida,41.6239933,-4.7684745,326
Verde_ida,41.6240434,-4.768378,327
Verde_ida,41.6241236,-4.7683243,328
Verde_ida,41.6242058,-4.7683002,329
Verde_ida,41.624284,-4.7682653,330
Verde_ida,41.6243422,-4.7681178,331
Verde_ida,41.6243562,-4.7680159,332
Verde_ida,41.6245366,-4.7674741,333
Verde_ida,41.6246249,-4.7671871,334
Verde_ida,41.6247171,-4.7669779,335
Verde_ida,41.6247933,-4.7668491,336
Verde_ida,41.6248514,-4.7666855,337
Verde_ida,41.6256574,-4.7642554,338
Verde_ida,41.6265917,-4.7615571,339
Verde_ida,41.6272132,-4.7597654,340
Verde_ida,41.6272092,-4.7596823,341
Verde_ida,41.6271972,-4.759583,342
Verde_ida,41.6272052,-4.7594543,343
Verde_ida,41.6272253,-4.7593443,344
Verde_ida,41.6272433,-4.7591968,345
Verde_ida,41.6272413,-4.7590975,346
Verde_ida,41.6272173,-4.7589929,347
Verde_ida,41.6272112,-4.7588749,348
Verde_ida,41.6271491,-4.7587274,349
Verde_ida,41.6270829,-4.7585557,350
Verde_ida,41.6269686,-4.7583438,351
Verde_ida,41.6268423,-4.7581454,352
Verde_ida,41.6265115,-4.7577618,353
Verde_ida,41.6257897,-4.7568606,354
Verde_ida,41.6252745,-4.7561954,355
Verde_ida,41.6251061,-4.7560157,356
Verde_ida,41.6248895,-4.7557716,357
Verde_ida,41.624689,-4.7555812,358
Verde_ida,41.6243803,-4.7551252,359
Verde_ida,41.6241116,-4.754739,360
Verde_ida,41.6239512,-4.7544868,361
Verde_ida,41.6238008,-4.7542213,362
Verde_ida,41.6236444,-4.7539209,363
Verde_ida,41.623468,-4.7535507,364
Verde_ida,41.6234038,-4.7534005,365
Verde_ida,41.6233236,-4.7532047,366
Verde_ida,41.6232434,-4.7529821,367
Verde_ida,41.6231432,-4.7526522,368
Verde_ida,41.6230489,-4.7523411,369
Verde_ida,41.6229667,-4.7520031,370
Verde_ida,41.6229066,-4.7517188,371
Verde_ida,41.6228244,-4.7512548,372
Verde_ida,41.6227602,-4.7507505,373
Verde_ida,41.6227061,-4.750383,374
Verde_ida,41.6226499,-4.7500156,375
Verde_ida,41.6225497,-4.749404,376
Verde_ida,41.6224586,-4.7488402,377
Verde_ida,41.6223644,-4.7484137,378
Verde_ida,41.6222802,-4.7480784,379
Verde_ida,41.6222421,-4.7477619,380
Verde_ida,41.62223,-4.7473918,381
Verde_ida,41.622204,-4.7470404,382
Verde_ida,41.6220376,-4.7459488,383
Verde_ida,41.6217508,-4.744031,384
Verde_ida,41.6215283,-4.7424967,385
Verde_ida,41.6215042,-4.7423492,386
Verde_ida,41.6214461,-4.7420408,387
Verde_ida,41.6213618,-4.7415607,388
Verde_ida,41.6212375,-4.741094,389
Verde_ida,41.6211333,-4.7407265,390
Verde_ida,41.621027,-4.7403403,391
Verde_ida,41.6209267,-4.7400157,392
Verde_ida,41.6207804,-4.7395812,393
Verde_ida,41.6204215,-4.7386344,394
Verde_ida,41.6201869,-4.738114,395
Verde_ida,41.6199442,-4.7375883,396
Verde_ida,41.6197818,-4.7372021,397
Verde_ida,41.6194871,-4.736435,398
Verde_ida,41.6191622,-4.7355901,399
Verde_ida,41.6190359,-4.7352092,400
Verde_ida,41.6185747,-4.7338949,401
Verde_ida,41.6184704,-4.7334765,402
Verde_ida,41.6183682,-4.7330715,403
Verde_ida,41.6183582,-4.7328998,404
Verde_ida,41.61829,-4.7326155,405
Verde_ida,41.6181617,-4.7320871,406
Verde_ida,41.6181115,-4.7315802,407
Verde_ida,41.6180353,-4.7304751,408
Verde_ida,41.6179892,-4.7296919,409
Verde_ida,41.617897,-4.7282462,410
Verde_ida,41.6177887,-4.7267307,411
Verde_ida,41.6176904,-4.7255881,412
Verde_ida,41.6176102,-4.7246574,413
Verde_ida,41.6174859,-4.7237776,414
Verde_ida,41.6174638,-4.7233833,415
Verde_ida,41.6174518,-4.7233029,416
Verde_ida,41.6174438,-4.7230481,417
Verde_ida,41.6174518,-4.7227611,418
Verde_ida,41.6174658,-4.7223909,419
Verde_ida,41.61751,-4.7220664,420
Verde_ida,41.6175541,-4.7217606,421
Verde_ida,41.6175962,-4.7215514,422
Verde_ida,41.6176523,-4.72131,423
Verde_ida,41.6177666,-4.720964,424
Verde_ida,41.6178529,-4.7207226,425
Verde_ida,41.617917,-4.7205134,426
Verde_ida,41.6180453,-4.7202451,427
Verde_ida,41.6181436,-4.7200172,428
Verde_ida,41.6183622,-4.7196443,429
Verde_ida,41.6192063,-4.7180618,430
Verde_ida,41.6199984,-4.7166644,431
Verde_ida,41.6200445,-4.7165571,432
Verde_ida,41.6200726,-4.71649,433
Verde_ida,41.6201608,-4.716372,434
Verde_ida,41.620235,-4.7162326,435
Verde_ida,41.620251,-4.7161253,436
Verde_ida,41.6202109,-4.7159375,437
Verde_ida,41.6202029,-4.7156934,438
Verde_ida,41.620241,-4.7155271,439
Verde_ida,41.6203392,-4.7153018,440
Verde_ida,41.6204676,-4.7151892,441
Verde_ida,41.6205939,-4.7151516,442
Verde_ida,41.6207443,-4.7151436,443
Verde_ida,41.6208786,-4.7151892,444
Verde_ida,41.621031,-4.7152991,445
Verde_ida,41.6211273,-4.7154467,446
Verde_ida,41.6211974,-4.7156291,447
Verde_ida,41.6212255,-4.7158463,448
Verde_ida,41.6212696,-4.7159617,449
Verde_ida,41.6213238,-4.7160314,450
Verde_ida,41.6213959,-4.7160663,451
Verde_ida,41.6214822,-4.7160582,452
Verde_ida,41.6217007,-4.7160448,453
Verde_ida,41.6218471,-4.7160421,454
Verde_ida,41.6219814,-4.7160609,455
Verde_ida,41.6222,-4.7160984,456
Verde_ida,41.6224927,-4.7161789,457
Verde_ida,41.6227834,-4.7162808,458
Verde_ida,41.6230822,-4.7163908,459
Verde_ida,41.6232887,-4.7164766,460
Verde_ida,41.6236797,-4.7166268,461
Verde_ida,41.6241188,-4.716828,462
Verde_ida,41.6251473,-4.7172411,463
Verde_ida,41.625418,-4.7173537,464
Verde_ida,41.6261117,-4.71763,465
Verde_ida,41.6261759,-4.7176488,466
Verde_ida,41.6262481,-4.7176246,467
Verde_ida,41.6263363,-4.7176085,468
Verde_ida,41.6264064,-4.7176005,469
Verde_ida,41.6265007,-4.7175468,470
Verde_ida,41.6265829,-4.7175173,471
Verde_ida,41.6266891,-4.7175334,472
Verde_ida,41.6267914,-4.7176058,473
Verde_ida,41.6268415,-4.717697,474
Verde_ida,41.6269057,-4.7177802,475
Verde_ida,41.6269879,-4.7178821,476
Verde_ida,41.6270981,-4.7180028,477
Verde_ida,41.6271242,-4.7180484,478
Verde_ida,41.6273688,-4.718153,479
Verde_ida,41.6282109,-4.718499,480
Verde_ida,41.6284214,-4.7185902,481
Verde_ida,41.6286399,-4.7186948,482
Verde_ida,41.6288183,-4.718778,483
Verde_ida,41.6289787,-4.7188584,484
Verde_ida,41.6290529,-4.718845,485
Verde_ida,41.6291471,-4.7188397,486
Verde_ida,41.6292414,-4.7188558,487
Verde_ida,41.6293075,-4.7188584,488
Verde_ida,41.6293657,-4.718837,489
Verde_ida,41.6294318,-4.7187699,490
Verde_ida,41.629524,-4.7186305,491
Verde_ida,41.6296303,-4.7184186,492
Verde_ida,41.6298288,-4.7179572,493
Verde_ida,41.6300673,-4.7174208,494
Verde_ida,41.6300673,-4.7173644,495
Verde_ida,41.6300754,-4.7172813,496
Verde_ida,41.6301074,-4.7171955,497
Verde_ida,41.630747,-4.7156908,498
Verde_ida,41.6313745,-4.7143067,499
Verde_ida,41.6314707,-4.7141002,500
Verde_ida,41.6315088,-4.7140358,501
Verde_ida,41.6315469,-4.7140117,502
Verde_ida,41.6315895,-4.7139406,503
Verde_ida,41.6316696,-4.7137716,504
Verde_ida,41.631826,-4.7134149,505
Verde_ida,41.6319202,-4.7132057,506
Verde_ida,41.6319503,-4.7131467,507
Verde_ida,41.6319323,-4.7131065,508
Verde_ida,41.6319122,-4.7130609,509
Verde_ida,41.6318962,-4.7130179,510
Verde_ida,41.6319022,-4.7129536,511
Verde_ida,41.6319102,-4.7128865,512
Verde_ida,41.6319503,-4.7128409,513
Verde_ida,41.6320024,-4.7128087,514
Verde_ida,41.6320566,-4.7128168,515
Verde_ida,41.6321167,-4.7127739,516
Verde_ida,41.6322109,-4.71257,517
Verde_ida,41.6327462,-4.7114167,518
Verde_ida,41.6333356,-4.7100943,519
Verde_ida,41.6338548,-4.7088793,520
Verde_ida,41.6340392,-4.7084394,521
Verde_ida,41.6346025,-4.7071895,522
Verde_ida,41.6346346,-4.7070822,523
Verde_ida,41.6346747,-4.7069669,524
Verde_ida,41.6346887,-4.7068381,525
Verde_ida,41.6346928,-4.7067201,526
Verde_ida,41.6346847,-4.7066396,527
Verde_ida,41.6346446,-4.7064707,528
Verde_ida,41.6346547,-4.7063714,529
Verde_ida,41.6346827,-4.7062588,530
Verde_ida,41.6347128,-4.7062212,531
Verde_ida,41.6347589,-4.706248,532
Verde_ida,41.6349594,-4.7064117,533
Verde_ida,41.6360018,-4.707278,534
Verde_ida,41.6367375,-4.7078601,535
Verde_ida,41.6376877,-4.7085896,536
Verde_ida,41.6382028,-4.7089356,537
Verde_ida,41.6386298,-4.7092012,538
Verde_ida,41.6389806,-4.7094104,539
Verde_ida,41.6393795,-4.7097644,540
Verde_ida,41.6397744,-4.7101399,541
Verde_ida,41.640051,-4.7104135,542
Verde_ida,41.6410673,-4.7113335,543
Verde_ida,41.6417428,-4.7119558,544
Verde_ida,41.6424844,-4.7126558,545
Verde_ida,41.6434626,-4.7135758,546
Verde_ida,41.6446472,-4.7146031,547
Verde_ida,41.6450861,-4.7150162,548
Verde_ida,41.6453507,-4.715271,549
Verde_ida,41.6456714,-4.7155634,550
Verde_ida,41.646417,-4.7162393,551
Verde_ida,41.6469321,-4.7167248,552
Verde_ida,41.6469662,-4.7166818,553
Verde_ida,41.6470323,-4.7166121,554
Verde_ida,41.6471085,-4.7165531,555
Verde_ida,41.6471907,-4.7165102,556
Verde_ida,41.6472769,-4.7164994,557
Verde_ida,41.6473711,-4.7165102,558
Verde_ida,41.6474613,-4.716545,559
Verde_ida,41.6475535,-4.7166175,560
Verde_ida,41.6476316,-4.7167033,561
Verde_ida,41.6476938,-4.7168213,562
Verde_ida,41.6477378,-4.7169688,563
Verde_ida,41.6477579,-4.7171244,564
Verde_ida,41.6477439,-4.7172987,565
Verde_ida,41.6477118,-4.7174141,566
Verde_ida,41.6477439,-4.7174704,567
Verde_ida,41.6478401,-4.7175831,568
Verde_ida,41.6488021,-4.718487,569
Verde_ida,41.6491709,-4.7188276,570
Verde_ida,41.6500648,-4.7196671,571
Verde_ida,41.6505217,-4.7201097,572
Verde_ida,41.6506861,-4.7202545,573
Verde_ida,41.6507983,-4.7203538,574
Verde_ida,41.6509105,-4.7201419,575
Verde_ida,41.6510248,-4.7199541,576
Verde_ida,41.651147,-4.7197664,577
Verde_ida,41.6514997,-4.7192246,578
Verde_ida,41.6517242,-4.7188813,579
Verde_ida,41.6518284,-4.7187364,580
Verde_ida,41.6520469,-4.7184199,581
Verde_ida,41.6521711,-4.7182724,582
Verde_ida,41.6522653,-4.7182053,583
Verde_ida,41.6523615,-4.7182053,584
Verde_ida,41.6526561,-4.7181302,585
Verde_ida,41.6528044,-4.7180659,586
Verde_ida,41.6530289,-4.7180149,587
Verde_ida,41.6537023,-4.7178191,588
Verde_ida,41.6541091,-4.7177225,589
Verde_ida,41.6541371,-4.7176555,590
Verde_ida,41.6541472,-4.7175321,591
Verde_ida,41.6542093,-4.7173122,592
Verde_ida,41.6543055,-4.7171083,593
Verde_ida,41.6544338,-4.716875,594
Verde_ida,41.6546662,-4.7164217,595
Verde_ida,41.6548386,-4.7161347,596
Verde_ida,41.6550109,-4.715794,597
Verde_ida,41.6557664,-4.7143081,598
Verde_ida,41.6560771,-4.7136992,599
Verde_ida,41.6561572,-4.7135758,600
Verde_ida,41.6562254,-4.7135302,601
Verde_ida,41.6563135,-4.7134873,602
Verde_ida,41.6564558,-4.7134471,603
Verde_ida,41.656554,-4.7134364,604
Verde_ida,41.6566602,-4.7134417,605
Verde_ida,41.6567865,-4.7134846,606
Verde_ida,41.6568987,-4.7135597,607
Verde_ida,41.6572534,-4.7138709,608
Verde_ida,41.6574658,-4.7140747,609
Verde_ida,41.6578245,-4.7143859,610
Verde_ida,41.6587002,-4.7151637,611
Verde_ida,41.6589347,-4.7153971,612
Verde_ida,41.6589688,-4.7153756,613
Verde_ida,41.6591832,-4.7148928,614
Verde_ida,41.6594377,-4.7143537,615
Verde_ida,41.659598,-4.7140238,616
Verde_ida,41.6598044,-4.7137207,617
Verde_ida,41.6599787,-4.7134364,618
Verde_ida,41.6601551,-4.7131655,619
Verde_ida,41.6607242,-4.7122455,620
Verde_ida,41.6609286,-4.7119343,621
Verde_ida,41.6616079,-4.7109017,622
Verde_ida,41.6622311,-4.7099763,623
Verde_ida,41.6627961,-4.70911,624
Verde_ida,41.6634874,-4.7080183,625
Verde_ida,41.6645675,-4.7063285,626
Verde_ida,41.6649863,-4.7056392,627